TSNE1,TSNE2
-24.573757,-61.384075
-9.611266,53.76821
55.622192,29.54872
3.9326801,16.501133
47.051388,36.54572
45.33005,58.11645
30.46789,22.502869
-2.8931475,34.773884
6.2002616,-42.68417
-26.621479,-33.122425
-11.550082,-43.12079
-39.49971,12.178813
-11.287362,-46.36135
-50.03198,-35.228535
-25.927094,-53.0186
0.301816,85.23478
-9.25984,40.428295
-25.608953,45.176884
-8.954522,81.96007
-36.234253,-6.6765733
-39.716694,-33.039635
-12.016276,-5.7910542
26.35293,-10.522738
3.654243,-36.746094
-19.289083,-29.532211
22.50995,-54.269257
-30.294323,10.105699
-78.76484,29.977062
-10.649378,22.916441
-21.90756,-11.168034
-67.15485,19.236263
3.4739633,-33.344765
18.382229,51.67087
-23.987991,32.88899
-48.95034,-49.03602
41.085606,-4.15762
55.89829,30.458305
7.9687123,42.885136
7.0438323,-34.327503
17.67782,2.2866673
48.487465,22.20321
5.4673557,44.072742
-18.99655,51.895424
41.829163,-1.7720226
21.72933,31.475758
7.27688,-84.21639
-67.11511,43.21615
-27.167986,6.4314933
-28.72114,34.384068
34.148045,-52.59169
-59.44889,-39.3188
58.859608,-2.6015003
-17.312284,-57.92897
-39.52133,-51.113373
62.959236,10.631716
-30.209171,1.8080714
-14.263897,-36.629543
-8.00044,-0.5241392
-2.9064264,-59.86013
-1.075014,83.886
-48.742996,-37.631966
30.887869,-38.167957
-0.66826993,40.76175
-32.367607,37.96211
20.238512,-11.589687
-5.0595083,23.29896
73.232155,22.551886
-55.1676,-52.96765
11.970766,37.443066
-31.649702,44.926228
13.527902,22.498318
16.066685,60.306202
51.16433,-20.614536
47.70158,70.10307
-13.686603,-66.43592
-8.836337,59.259922
-26.94619,-25.288282
12.106994,49.32874
-60.839825,45.39187
28.447895,-58.477333
3.442756,-55.85291
-7.922089,-13.985566
26.469183,54.826286
-60.110073,-47.126564
-46.64529,46.186428
40.298862,-54.303604
54.198334,17.41624
-51.018864,4.1929374
64.13614,30.701939
11.375739,-67.17075
13.267615,18.519588
-5.267409,85.15262
54.565384,0.7715741
41.828247,4.6866884
23.18094,59.934586
-47.586494,-45.02803
-13.240258,-13.778178
-41.297707,25.780565
-62.853363,35.19488
-36.59821,-5.358239
-34.38722,65.98842
-58.001003,-26.164604
-25.27547,-22.705063
-31.708076,-21.048727
-0.9335435,14.213059
-24.794174,-13.097607
-66.58815,31.456726
-9.340427,42.772266
-41.45158,10.936977
3.7239616,-26.288504
45.456394,34.171547
29.667969,-24.395409
33.029316,-40.07287
28.162643,-8.3527775
-26.112741,-60.10089
4.0079026,-84.16031
-1.7768272,-34.40167
11.966811,-104.02934
-10.74539,-30.806566
-13.5692,-66.48464
0.57077587,-5.1491184
-40.74724,2.2309594
-3.35423,-80.22857
-29.930319,59.567593
-20.502186,43.953274
17.63153,-38.460255
54.26984,36.279934
-13.973541,27.84152
-48.652287,-51.66336
72.47238,26.64145
64.281555,17.448753
-23.41827,-22.594276
-36.233887,35.090027
-25.393467,44.273018
24.08758,46.078915
66.96581,33.64864
21.49264,16.270521
3.446442,-85.603874
-0.22499268,-17.892204
33.026653,-1.390002
-75.06691,29.61534
17.041924,14.611686
6.4909673,-82.67486
-27.504026,-19.561409
-60.68755,33.02061
13.204142,27.783472
-5.995054,13.911977
-15.303297,10.356491
36.18475,-30.320372
-6.6219344,-46.027893
4.825609,53.56093
-29.071812,68.30314
-1.7359998,-77.00958
-63.357277,29.701508
73.18982,18.393534
1.0758595,-71.284386
-8.540304,17.710262
-14.750231,-66.317635
51.861984,44.24147
-27.786217,-56.80769
-35.613216,8.8744135
16.14883,-2.9447339
24.196941,33.08287
-62.607574,29.76897
-62.394447,-39.83568
-34.997334,45.301617
61.36607,2.0815787
48.056793,48.448627
-14.3653965,4.5099483
-40.97446,-28.048803
-32.298416,14.98995
3.6484478,-27.227936
-35.97256,0.8493132
-41.964405,2.0484502
-2.947252,-83.701706
-7.7365813,-29.130302
-11.797637,62.365234
75.90861,16.996952
-53.670868,-7.130409
12.408394,19.756813
-3.3114939,-83.78641
-3.2631345,-24.24281
57.98958,13.740356
-61.819256,46.481125
53.337536,-36.618225
6.2475257,28.352001
22.652327,13.798481
-20.654667,43.435726
6.8626194,-78.05017
15.135985,1.3480622
-77.87624,28.845726
48.26329,37.80312
-84.241936,25.622953
26.818838,15.235937
19.665838,8.540294
-46.85847,-59.97602
-41.714535,-26.674505
-36.49917,-42.824223
15.507026,55.939926
-37.601635,-39.711067
24.210512,15.385042
-30.546608,55.907284
2.836046,58.485844
7.3173203,-3.2854214
-51.470924,24.615591
39.539333,-33.912083
-10.478464,54.3381
-29.662899,38.754257
15.405826,2.3079402
38.679733,-68.35269
45.153225,70.64433
-17.851091,1.4328481
-9.165485,44.20982
-6.183697,-48.29987
-21.757896,-35.17943
-61.436077,-35.61196
-31.243137,53.648502
41.250576,-48.654842
-11.080864,-36.583202
-41.097,10.18101
64.25772,31.067516
26.122362,16.218765
3.662692,-83.11859
-45.672195,6.634725
19.349741,-64.767426
-34.12106,-48.765106
24.221945,25.882982
-7.146801,-4.77601
-62.210545,-32.184315
10.010631,33.737896
5.4692273,25.210297
-0.9798724,-78.65498
-25.709679,-29.888588
-12.75355,-42.760864
38.35761,14.192308
-34.07167,-9.572225
12.827625,24.885426
-2.5439386,60.78171
-25.170185,49.151
-11.732998,1.7118173
-42.456684,8.40954
-51.6046,14.663954
-24.384197,25.777111
-5.026428,-50.320824
58.560745,36.27453
51.386616,26.146893
6.912893,-106.48073
-1.9608423,-51.416737
41.745075,65.99058
-22.714777,-59.919525
30.592743,-32.830215
-45.1011,3.9821837
41.50295,29.473078
59.30222,5.840396
-50.20045,9.286122
15.694504,-66.85277
23.225203,-55.459213
-0.8700704,-43.376835
15.480246,-52.327534
4.655104,-108.77133
-14.403365,-66.23831
-21.88802,4.306003
-18.016256,1.376682
-44.376877,37.47278
22.454863,47.571423
-22.343735,43.99904
-39.617115,49.50412
-22.964577,5.9966383
-6.769471,11.188005
-43.652725,-11.821223
2.0110164,79.63123
-11.198933,32.173523
19.28557,-37.424133
66.85682,18.840004
10.857079,-26.12549
28.885487,0.8514293
-7.4933515,-66.24803
1.9900488,53.77398
8.014814,1.2518122
21.892414,4.027271
-5.263006,-35.644676
16.43572,-59.88908
-23.292574,50.361317
40.744007,68.105095
20.59326,27.440472
-31.220684,-33.82993
6.6433105,-23.769669
9.781508,11.221365
12.454547,39.19535
-8.03511,49.47591
13.852049,45.77332
-37.42323,-41.722317
-28.15133,36.708656
19.436699,-49.013153
-55.606815,20.900852
-54.81128,-36.209484
57.828827,40.437096
15.583453,12.984198
12.275814,-67.80054
45.37786,39.7494
7.6477995,-105.90184
-7.8327103,0.49360242
39.612015,-49.5487
-7.0942636,-21.123205
-62.579975,29.684168
-17.369278,-68.33498
36.146355,-23.368414
54.43425,-47.63726
-9.719684,0.19950043
-49.270298,-30.230484
-45.487892,-40.021137
-32.00801,18.142054
67.79532,23.214273
-34.275555,20.615631
-28.46081,47.386707
-7.885994,-45.76884
-43.949875,11.271062
-41.8987,5.516054
-4.9520335,5.975114
66.7612,27.92362
-55.290657,17.89049
-42.26598,-5.6298995
4.7746286,-108.34161
42.923153,-15.252817
6.793321,25.032602
46.471466,20.127895
24.911798,-70.15057
-24.73814,26.79557
24.231033,-3.3232992
41.211807,-61.622154
44.02411,60.937145
44.84025,71.15592
13.211601,19.887877
-12.02019,2.3535862
0.9774657,-78.77166
18.012732,6.2565584
3.9918253,-36.285656
-51.424885,33.28714
30.484385,-48.289806
-1.5956209,-36.349
13.004308,-55.61667
-14.907799,38.70334
50.60481,-44.1487
-35.182194,26.079834
-33.718773,-5.7978888
-5.8374057,-55.133514
55.09608,-50.657944
-44.111416,17.904009
48.31862,25.471323
-23.655573,-35.2816
6.1422334,22.041695
-5.632416,20.232166
-16.840216,55.667427
20.964785,0.23598509
-4.8451595,84.4461
-2.6368546,86.42858
21.052298,-54.003433
53.9335,25.593426
-48.49715,-28.688396
58.563656,35.01405
-14.054668,-47.522648
-18.406979,71.168564
18.352932,54.24387
18.045588,-3.8764114
-0.43437654,53.392227
-7.4797096,24.286282
-26.070652,-22.198769
42.014072,42.634094
4.712154,41.011044
-8.109828,32.753235
-73.97763,29.449821
-10.543517,-52.927963
29.668465,3.4687848
-1.9700869,44.444923
-1.5629903,-29.457508
-14.589144,45.424023
34.08382,-24.896235
22.905901,-56.003803
4.7408724,29.860285
-2.8254797,58.56603
-0.3548106,38.958614
-13.045698,-52.38623
-30.651592,-29.045244
-40.968105,22.6225
43.023357,-5.263427
-40.48436,17.589
11.012688,7.0503006
-4.5718627,22.387243
-0.4822536,59.05306
-45.367405,-61.17968
-27.811749,-38.64826
43.47584,32.722664
-5.820574,-24.927061
12.944843,6.5318704
41.724228,-51.958603
-26.193048,-14.208982
-2.737487,-71.78204
-50.783955,23.598598
0.9100796,63.603462
49.694244,7.6874285
67.95601,4.211629
-30.870392,-27.182716
28.13324,-64.65427
-28.41033,11.171267
-55.322945,-57.799908
27.455065,-54.211727
10.113078,-52.350773
3.1456354,8.903577
-31.81551,-58.69478
-17.416971,60.341
-31.573202,-50.792126
44.52517,26.539783
-20.247696,60.9829
9.925906,-18.266636
-29.664305,3.1828983
-3.1552582,-14.444556
-79.26447,28.180014
-22.574827,-11.97101
-26.203382,32.179504
8.760719,10.719518
46.61251,-58.73271
0.90116423,-54.742542
-0.025289068,-44.368988
47.834118,26.947845
44.916073,73.27086
-3.1256757,-73.55565
-31.16205,-62.404217
-4.5176625,26.126728
53.621754,28.460398
36.211647,-55.873985
-50.693714,-56.240307
73.480385,19.799875
-65.035416,-38.79312
7.9032555,37.82579
30.203344,-33.164803
13.727633,-21.840544
1.9677337,-34.038956
-41.72943,-6.57831
41.81312,-27.911259
54.1312,38.839886
13.949026,-47.59464
-26.158627,58.023697
2.8127959,1.8573017
39.271355,-16.3329
-56.705418,27.637129
-1.303819,14.313758
-61.625744,33.018066
2.1263855,-27.178833
59.640247,-22.848703
-26.43683,26.74654
-40.4808,43.704155
-63.632412,26.071524
-46.72082,-52.51545
-15.7620945,2.1401439
-7.962694,-78.6039
15.707772,52.75565
20.586754,8.671239
-27.248234,59.95953
41.72493,44.444218
38.295593,-63.299656
-42.045403,6.25303
-67.4991,-8.337043
-36.949974,21.820917
23.821115,-64.356255
-24.904156,-21.099422
-20.829342,23.385174
4.0659456,81.52414
57.238354,45.631733
-19.631983,36.482014
12.231983,-0.5946766
34.454475,-44.62948
-17.222233,-69.408775
-22.855288,51.248283
-35.703594,24.192709
24.77955,59.318336
-26.515017,-21.420109
43.337986,64.96856
-53.494656,-0.63487184
-48.066097,6.6921134
2.9589524,48.09017
53.326424,21.776083
48.356083,25.548748
49.23531,-39.371223
-18.8014,-31.181198
-43.0885,-51.251133
4.762277,29.42784
47.354523,72.71344
-80.76383,25.750935
-59.339703,32.265976
46.49134,47.104507
-24.712353,24.86168
-39.77134,-53.794422
-28.888628,41.510895
11.461341,-102.67115
-5.8936896,14.218563
-16.691133,-33.87219
37.426193,-28.169605
55.28533,5.750224
-44.459003,45.74658
6.485196,-42.33722
-11.739112,10.893843
-50.980743,-44.717724
-1.2757102,2.7012398
51.60263,42.182613
-53.662697,-35.45008
-56.17568,17.751896
-12.837645,20.954699
-33.412525,-2.2071598
24.226421,-32.653484
-62.34224,-37.91265
-23.290956,61.51714
-9.031743,-49.232677
47.292027,-54.792732
8.391517,7.7476883
-55.440716,-44.67352
21.984571,-39.836704
38.431427,-67.9434
66.40789,22.22572
-22.347507,-1.0182772
49.750126,7.1467886
55.374542,3.0978117
49.60323,9.411224
23.793888,-34.134655
55.067112,-48.73569
-47.99676,-34.760048
2.5754983,23.978731
37.339333,-59.90618
-73.52916,33.685913
-52.67163,-13.324381
-26.607286,22.022976
-38.3665,12.36065
26.799047,15.923223
34.51969,5.907406
-63.654293,24.381178
-42.141186,5.409872
4.6129766,16.871836
-9.657254,-51.66818
-69.52323,18.461723
33.136303,-31.95246
-30.29979,10.193307
-2.7170722,-27.481411
-4.1691856,-58.25533
-46.99367,37.30952
57.98755,24.353167
49.078114,-46.03116
54.364677,-45.74116
1.8332021,30.412088
30.74683,-16.84096
51.883133,39.50988
22.066711,-37.82877
-10.931958,73.84647
-1.5156773,56.847397
-42.220062,-38.639366
41.325775,69.61391
-48.620106,-4.6631145
7.1964273,-104.512474
-8.506542,9.543193
-10.267013,-4.1203256
18.683691,34.785294
53.649178,25.557568
26.310638,2.74325
-25.224352,51.16966
-53.145924,5.2878184
60.049133,27.74603
61.204605,31.3535
-61.506046,-47.092117
-12.642753,-65.26225
47.73261,62.993206
68.43911,31.834253
20.691135,-34.81704
35.982224,-41.5886
15.329106,-62.55405
13.820646,-61.03617
-5.9129276,63.34845
15.829586,-66.79937
-27.070883,-16.238672
-6.385295,-46.05047
-37.57687,28.008732
26.361317,13.083736
3.5325801,-43.068592
11.511425,-79.11551
-36.204754,-4.5796494
65.744385,29.314207
-42.25879,1.0061333
23.545422,-16.236124
-18.009747,5.3264256
-41.902554,-1.9190161
-48.61011,-3.2720804
-27.36472,-61.46626
-46.526993,20.644543
43.64856,38.34485
32.251534,-69.79061
-22.045317,-2.846296
52.37752,64.417366
-31.04792,-14.6042185
-36.184593,-6.205274
0.87568784,-73.90597
-35.499577,59.400497
17.966537,34.63755
-18.786804,56.260353
-39.439976,27.741371
26.296982,-31.207848
53.247276,-23.797728
34.29015,-66.82638
17.73352,1.9679223
-0.5768284,-71.83599
-11.884875,-17.376295
11.394023,28.746899
20.195154,-17.666857
-6.2984047,55.856556
53.9924,-2.8755527
78.60333,8.610026
-28.592966,-9.620074
10.206068,5.0714164
-50.50884,-5.6309843
13.826699,44.265568
-42.376125,-24.366358
-34.1382,40.046013
23.841719,-10.972569
-59.20094,-53.770836
50.71076,5.0210867
67.068695,18.342531
-32.819336,-42.55007
-11.4617195,-45.77836
20.021505,-33.255234
42.21794,12.389715
22.062283,22.425821
9.410723,-36.56981
31.980087,-0.4225969
1.0386232,-27.728903
75.21854,17.378023
-56.64545,-56.907013
-12.53001,2.5233588
13.1343,-60.942127
45.80177,-40.883553
17.797548,11.189012
-56.948517,27.79515
64.324524,23.796036
25.534788,-29.594126
-49.564655,44.892845
3.6451302,-22.558167
-52.444046,-38.63466
56.751427,7.53714
22.015015,-55.511055
-15.913885,28.65655
-25.207865,18.783754
-2.404904,-37.27682
-15.611714,50.238472
-12.039584,-13.08653
-3.0210123,-34.958824
54.924374,33.46037
-58.138206,-50.940994
-5.0167766,59.61388
5.117134,51.60022
-36.780785,-36.33063
14.301363,-29.11686
-19.210924,31.172766
38.543564,-55.06289
-29.498829,-53.681686
-17.942095,8.154006
-46.729805,-34.39483
42.70232,-15.507767
-47.06823,-51.558495
11.48971,3.125109
2.3186257,-60.57137
73.34019,20.875757
-18.79131,-35.869106
-45.659935,-49.6663
-2.354914,-2.5008852
64.35458,-0.4822662
14.340091,22.900743
21.109121,-48.55848
39.86089,-46.64171
-16.740713,-2.38656
-49.599964,17.676065
43.345467,66.45788
-3.6102896,-24.098715
-44.348347,17.552343
44.168896,-40.77553
51.7009,-42.15609
44.995834,72.05263
58.14013,-14.789558
-47.11836,37.25089
-14.487061,21.9502
-0.68276423,24.474812
-19.298132,37.83183
-45.905216,-58.661133
17.767311,59.398335
-19.572817,23.908651
-60.965378,-45.89905
7.0448866,-8.965565
58.708836,20.463646
50.58579,-43.198414
41.542076,29.877653
-27.949762,59.0684
-1.5500498,86.29849
-42.50795,41.08514
12.653718,10.040976
24.898624,-36.56675
7.931927,29.754156
-15.141213,-25.077473
5.972158,32.882057
45.604767,-55.52816
-7.7069306,38.999958
-35.829895,-7.0454707
-18.961426,13.454494
11.914752,-46.77556
32.55839,-68.36425
-47.040413,-45.7297
-12.261647,-43.557873
54.938698,-17.845278
-27.71962,50.54917
62.49091,3.5971167
-58.347725,33.173923
-4.417901,21.523878
12.022208,53.62912
-42.84714,12.971162
27.416542,48.90539
-20.88097,-13.167371
-63.771595,37.064613
71.76485,28.875975
26.644367,-16.525478
-2.9563715,48.86716
-31.356762,-31.915468
-27.438107,16.63706
8.129073,19.550201
39.72541,30.464594
33.8958,-41.31588
20.989307,-33.943077
55.647827,13.825109
50.75332,36.26052
20.880983,-49.36363
56.45049,-25.57785
25.38142,17.657598
-54.624912,-55.010742
-55.20697,-46.54011
-43.448265,28.525436
-8.153336,-11.476116
-7.819142,-29.011503
-81.68891,25.78651
47.450962,24.557178
12.698671,-80.13815
43.54613,38.90956
40.040764,-28.341618
73.35965,14.631163
-1.0739124,15.432103
-3.0082831,-11.639826
34.026176,1.2862748
-22.065807,-17.968708
-11.894439,71.2704
23.698719,-53.282692
-12.262692,-61.759636
1.1874353,-5.1031094
15.23628,29.818556
-7.4813876,-25.063007
10.486104,42.250843
13.70199,48.745586
-9.823093,22.195051
4.9604726,5.375
8.497852,-66.0234
-12.709315,-22.871494
10.616527,55.924217
-27.829115,-41.397766
-25.76246,61.85074
19.303534,-58.221416
-26.235336,-33.643433
-59.80397,22.308428
26.770998,-58.101376
-1.1528617,84.11703
13.760498,-2.736178
-9.163974,59.57989
-24.624523,-46.271175
-2.7500513,87.012665
13.984495,42.44896
12.163311,65.94078
1.7033046,-10.261835
-66.45109,30.978865
-55.88267,-36.70845
6.593392,-36.25475
30.542696,6.055203
7.251109,-4.2468004
-15.939368,-49.316864
-65.666336,39.36559
10.932184,-6.0966563
25.319458,56.110756
50.121155,-50.47326
-57.545757,17.57225
44.122482,42.540394
-43.75421,-48.359512
32.054405,-48.80514
55.341488,39.86296
0.9599224,-64.74737
-34.787693,21.709236
-30.26499,-30.38133
57.886604,-18.017666
-10.98614,-81.83523
64.88946,0.45058468
-38.266285,-27.317688
26.58797,50.03771
47.152847,-2.7556474
22.542038,4.12292
39.43436,-34.548447
60.236115,32.495342
10.254273,25.47578
-35.299408,-41.31499
-12.381496,48.746872
-34.473927,3.5144653
25.356733,-27.18168
16.072865,-24.61525
-60.998894,32.97924
-42.358253,47.48342
-9.905203,-57.63944
-7.433331,47.545727
-28.029633,-54.383915
-39.07324,20.926722
31.682354,-3.830838
-33.250114,8.307753
-82.19974,25.555895
-20.186749,-5.2842617
29.90193,-68.921616
3.762607,-70.90483
41.690044,-57.69406
14.352382,9.887175
67.69505,-0.48309547
29.770348,-54.449387
7.096249,57.676357
5.16471,34.919117
-8.727075,-14.0857
-17.76092,5.7834444
-9.212477,-16.932522
22.147633,45.27665
-23.564741,3.7946956
-49.635277,-27.358934
-44.21907,38.50496
2.7861443,-26.81714
41.897896,58.726677
35.137547,-43.42451
77.138596,17.717798
-31.789455,56.07325
14.924981,47.74458
-54.66785,-39.134758
-35.26293,49.555412
73.403534,21.819872
-13.720521,27.649868
-25.247023,44.527058
6.3249736,-31.059017
44.093876,-59.95978
26.736633,-44.827625
19.797209,-18.470608
37.513927,-43.09172
-11.164729,8.647564
-9.007409,-27.760698
-19.33432,43.304653
63.953377,30.370066
-32.85772,41.318527
-55.545525,17.64853
4.989177,-6.169347
3.0348647,41.50834
-40.235184,-34.993523
11.704663,12.39009
27.238726,-51.794445
27.94543,-10.36112
-23.719894,3.834471
-72.23258,34.228947
44.588528,14.846642
-56.57961,-50.259304
48.555744,14.53522
11.505943,-102.360085
-20.524662,-46.45129
-38.301685,24.049852
24.851946,-30.297907
17.120255,53.16798
-20.544731,41.265076
48.66071,9.361933
-40.65095,1.1267706
12.657744,56.769848
9.117203,44.924942
-16.528107,-49.2267
-53.114784,-43.572353
38.61766,-40.30392
18.537811,26.174479
50.04369,38.08886
-51.37751,-47.456303
21.502804,-66.89329
-29.94665,59.434765
-12.817075,-63.105766
16.03719,32.416206
7.2484555,-37.33536
-39.854332,38.861332
-46.51995,29.08182
5.382946,-82.751144
-9.967711,-58.074642
-31.976177,34.18034
45.63728,11.922206
-23.76411,41.788475
-23.809885,-56.821026
-22.657633,19.44619
-21.210915,34.128796
10.423782,-101.96997
42.798943,43.66143
-34.390762,66.00726
58.226166,33.11327
23.64525,-58.553562
-50.754917,22.123228
-2.0212824,-1.7420406
-45.67052,4.7215204
49.3487,68.96436
41.505764,12.33016
-49.8126,-40.447865
-73.688,31.401274
-27.216055,-47.501144
64.79697,15.807608
73.13757,22.86458
23.668045,-11.378394
38.70072,-6.3287244
-11.573699,30.97058
-61.886616,41.922768
-33.166775,41.902725
46.551846,67.83665
-9.95277,35.426
-9.332965,-49.67693
44.68818,-57.52722
8.604591,-20.851763
-27.906464,-6.786735
-35.797718,-27.8688
44.265175,36.485138
57.439503,-20.895145
-8.621618,-14.118189
29.599144,-39.406414
0.39509815,-71.73862
48.629303,1.9430374
-29.71389,50.532997
-26.8921,22.83813
43.810577,-28.212872
-4.772284,-59.762695
0.43706098,5.47932
14.473585,-40.378845
38.391003,14.185677
29.028442,-6.9449015
7.748562,-105.8187
51.041454,68.44546
-68.180664,16.991314
-26.100603,35.27298
-79.06902,28.592632
-81.99156,22.872679
-53.584583,-42.54299
-33.112286,-60.307144
-62.381214,-42.2813
70.365036,28.148405
-1.6906879,-4.2307925
73.19037,12.965838
19.034088,35.807323
35.693573,-62.800972
30.457495,-58.633995
43.298286,-35.384308
7.0273843,60.805122
61.60689,44.10541
18.998552,43.80505
3.9521399,-107.22115
43.262356,27.856049
-48.230057,37.114704
3.6833985,-82.41541
4.6512847,41.124302
54.529007,-45.02374
-36.05322,-2.2919102
17.863037,-38.017853
22.394464,-35.53667
4.7667074,-105.42359
-5.9439836,-1.775362
-9.626559,50.354877
20.460184,24.804203
44.353153,-42.828716
-3.0176241,-27.240717
53.747776,34.821354
1.9485855,-34.036926
1.6413436,24.60208
-18.716375,-24.587204
0.40944123,84.63019
49.80903,63.410633
-47.39241,-45.984535
-27.14999,54.94981
-7.363212,16.249628
-31.777994,-61.133293
-23.618694,33.577614
-39.34035,29.357382
6.3781333,63.03912
-12.710723,49.790367
39.443157,-68.9083
-13.48399,17.491938
-4.6757364,30.946098
18.397837,-1.2165289
-43.3992,-2.4940822
-36.886066,25.893147
47.759907,-31.719303
-47.884056,-32.188335
43.26586,-2.4784672
-14.815199,-51.06991
-30.705742,48.21431
-2.5152628,57.084747
-51.256634,15.977186
-43.92473,15.9794
-0.40932342,-17.10202
-34.061665,39.62345
5.8550487,-1.088532
51.675518,-40.36795
63.591118,19.403318
24.868954,13.942996
1.0847255,-78.97738
58.52503,42.987232
53.73006,32.308273
-0.5877078,-11.388208
32.078735,-40.440197
29.764673,-63.302616
25.83306,42.189754
11.643207,13.165236
-68.26165,33.485237
-1.050895,-17.138823
15.297591,55.507004
-11.284505,80.02934
4.2403073,-106.325294
-15.208529,-30.268938
27.315754,-48.147083
-22.908216,-54.765133
11.999943,-103.68097
2.7160506,-39.301113
5.395059,6.582628
45.28542,8.032997
32.400593,-5.3373694
-52.009163,1.2193328
59.54609,24.530632
40.69758,-3.9402313
21.75809,-34.12637
2.5420969,37.664944
35.938667,-33.094734
31.586203,0.07360002
56.620243,37.165855
11.068276,-66.47083
-66.09107,43.521217
4.020727,28.292355
4.5312314,9.74456
-57.908855,-35.70551
19.858557,49.956074
-14.026917,45.90657
-65.09455,38.192333
-45.11531,-32.129414
-34.617058,9.865155
9.395186,46.963364
-55.07058,-38.865227
0.9326886,-62.12303
-57.334763,20.41312
-35.092327,0.0015327833
20.662321,-57.92306
3.3003676,15.364888
2.8669436,26.375282
-18.353163,22.974993
-11.959221,79.86637
-4.197192,-28.136963
-59.882847,32.452866
-0.7675227,65.27191
-3.0818822,48.799168
44.695087,43.31875
70.48453,27.774677
-27.827759,61.894554
-32.209103,-58.56321
-55.45998,9.465276
-20.287153,-53.667946
-1.7807343,-50.745533
-4.2202024,-65.78149
-22.950169,-13.18847
-0.07109032,-42.150383
-49.41359,-52.05303
-17.430182,-42.103024
4.6737227,-83.67529
-47.862427,3.1414301
43.366436,-62.579376
13.935191,-28.89573
-16.111803,-66.862274
-6.749002,-5.704477
74.71024,16.1851
-5.0820937,1.893893
-37.239063,-28.419748
-19.839102,25.371334
46.749874,11.491553
-41.584576,32.184875
61.40361,45.0588
-18.950974,56.095497
-2.250584,15.542073
43.73845,8.411153
56.92219,31.690088
-81.94521,25.65684
-49.83262,-27.320513
8.320168,24.08602
-66.97816,27.615807
52.498592,37.289948
-15.710119,-37.627644
-15.362452,-23.913143
-54.422894,-49.481113
-47.79754,-16.371893
3.186312,-67.17377
-1.7820011,41.0362
-2.393767,47.874386
-20.97891,-40.372482
-13.556485,-32.99836
46.01389,28.78676
16.309832,-2.5309846
0.35251185,37.477345
26.716549,-45.1519
24.398172,-5.788973
-6.877262,54.116596
-63.37477,44.05898
13.958803,58.6414
-26.918846,44.467022
-37.196835,52.48965
32.005836,-69.72821
36.02372,-29.831768
43.947994,-62.481068
-43.3717,44.75867
-46.68433,-52.689186
30.63938,-58.78843
-57.842422,30.224094
53.643185,-23.267065
-17.958052,-53.849926
-7.1622744,78.15021
-30.196716,8.434245
58.58549,35.542347
-44.117813,-44.958668
29.995134,-69.05367
4.013525,1.1672137
-45.689594,6.7609744
-46.215473,17.488771
21.048798,-10.932511
10.321807,-101.77934
-25.355833,36.846516
3.9042344,-81.38349
-24.591923,-42.939404
-3.1814344,82.67032
-55.351917,-31.56141
-21.903969,31.31609
37.535614,34.451492
-4.1043687,84.22424
-53.53597,26.990463
43.6427,67.27097
41.88767,41.55909
-32.981476,-20.097189
-23.789984,-29.716383
-31.231535,31.045929
10.394298,-40.02634
49.212257,12.357611
45.525684,66.34406
-48.857544,-3.2974634
-45.198364,48.85365
-48.71131,-51.311996
-21.53261,-12.790629
50.9443,-40.715866
-25.584642,32.292065
-17.108263,-30.704468
-57.40373,19.37203
43.20861,73.38278
-17.047586,-58.395306
7.743506,-27.55605
16.57956,-55.790585
9.454957,-104.00765
60.164513,-34.166885
38.93174,-31.307835
8.57625,-2.8385649
22.674496,33.02715
-36.465885,-42.476597
-25.524908,-39.76225
17.883997,-13.073415
62.44978,33.69359
21.69117,-45.263905
56.651264,26.657852
-10.751406,-28.699974
-59.4585,19.087717
-2.3428278,-7.0558133
50.61523,-48.8086
-27.067474,-39.106125
33.867176,-51.635742
61.314075,24.707186
-29.237305,19.335184
-40.53094,29.671356
15.519894,-15.853253
-6.327833,0.7751281
11.782382,55.443348
2.7951992,1.8160886
7.177126,10.301471
-36.38812,37.83786
-7.6485796,-12.572654
-17.820572,-12.061514
-0.4380866,-43.31603
23.140188,-8.991876
-41.63666,41.379086
-30.362486,1.9922539
8.149088,29.80447
-28.632437,30.705912
-11.268931,-61.04038
6.1026287,34.001785
-0.6017704,-86.80465
-20.097593,23.206861
-58.515087,30.227715
-40.543755,43.990303
-38.193817,27.41702
-29.945278,-63.428352
-10.076427,8.160607
-18.738539,-53.48457
-55.54723,-37.522717
4.187493,-4.3125815
51.727463,19.597122
1.445693,41.970406
-8.048019,4.073897
28.982056,-66.83595
-62.86089,40.30999
53.356335,39.463913
21.398043,51.729637
6.07001,42.35752
-40.37346,47.38978
9.80505,24.625198
-10.7627,-1.6537476
-31.19303,12.2
-38.742134,61.015858
64.631134,28.09183
0.8813949,-73.84717
-31.497896,4.0904555
-11.336962,3.4708102
32.22331,-35.707783
1.3496295,83.09079
-24.441267,-50.52091
-17.334038,-57.729645
67.92852,10.388034
64.45667,-0.4700387
-81.23983,24.32322
25.308868,27.242315
-50.30177,44.258434
9.697834,31.863989
-18.300829,-65.044136
53.718025,-51.31819
25.115948,-38.242485
-13.7494755,-58.392803
-26.907219,22.03538
-69.87664,16.848635
58.594887,36.000664
4.79986,-75.477455
-8.750098,-31.814116
-3.5455265,-74.80697
50.984264,68.56464
-71.57112,27.63888
-5.183647,-35.76556
15.426107,12.852633
-47.410686,-45.777473
-9.692093,-77.468796
2.0861917,37.894962
-3.017153,-82.46353
18.675486,-6.130119
-40.57249,19.41384
51.617764,43.455315
47.843086,-33.571
-27.779339,58.851635
11.235864,55.9414
-14.679513,41.366486
33.199913,-72.22158
-54.1249,18.479227
52.13476,28.512907
17.502857,-61.191597
-61.225124,30.359047
-6.0805383,-52.168255
52.682205,15.743751
-33.309925,-55.70166
39.25319,69.689384
-33.56565,28.136175
-54.67272,-39.240532
72.37765,16.82882
-43.250195,28.460943
-6.865023,21.747395
41.50728,29.579052
1.7942866,85.12607
59.901443,24.359592
-39.99689,-51.326378
51.018578,31.270224
8.504728,-74.337456
4.813067,59.432774
10.728395,59.51094
-34.942772,45.05712
18.447157,37.372383
-0.9472023,-33.610687
-27.913244,-48.018482
19.360405,12.972103
-17.940935,27.858738
-22.154016,-22.172144
48.34394,8.833438
30.844599,-46.97266
-3.1882865,-1.0263367
-7.1234255,-45.54379
-48.650635,40.497444
-29.92898,28.171421
13.45132,11.844437
-14.369727,45.587685
39.622623,30.35381
13.080299,-28.185429
8.980234,-66.823715
13.597191,-77.1157
-26.322878,46.70989
22.851028,-18.82791
-23.795341,-55.177208
16.48432,12.996707
13.800695,-13.070639
17.863022,11.235313
15.677085,-0.56035584
-15.754052,-32.371502
0.5104689,11.766592
-7.42802,-12.5963
-41.974964,-34.630154
-4.674213,10.738251
-39.65862,38.22157
-17.746958,68.89732
-58.157154,-36.78112
-24.179531,16.822891
51.59709,21.30292
30.903858,-60.29891
61.49773,-18.887457
43.273506,22.089916
44.898613,10.440325
61.22006,-20.017282
0.22328004,-54.796455
-3.3513584,12.967255
30.11592,-69.05469
21.38389,-67.16338
-16.090118,11.545773
-17.234852,-58.127872
30.303534,4.878252
-15.59994,28.72025
37.074543,-58.131794
-37.586197,4.730448
-15.09605,49.813282
30.664206,-4.932575
71.92886,18.594437
-25.185984,-21.17032
3.1854901,17.249756
43.04072,23.981888
54.394806,-50.701366
-82.09726,23.107178
31.945127,-61.647305
39.077564,-16.31351
-67.60506,43.63074
9.921272,-17.923698
46.040928,-55.533524
10.790721,4.1141014
-0.42760962,-44.130207
14.076767,-56.003426
19.714622,2.6604614
-28.888334,7.927927
11.859374,33.07638
41.028557,-57.099293
-20.466578,-46.403004
14.623827,23.08999
-39.111565,13.708588
36.750343,-40.1605
-12.436532,71.158325
-17.621895,-0.73528296
9.820156,-37.642467
56.74772,21.975674
42.62149,31.57104
27.979498,-58.835224
11.368941,-1.459382
68.92578,29.970161
8.487985,45.134335
-4.585729,-78.08687
-46.476475,-28.202215
44.181873,38.431683
-35.982685,36.582813
-21.278316,36.908752
3.5850172,35.74054
-51.276825,4.297262
-11.765278,54.754044
23.52091,8.188123
-12.78926,-7.264451
3.937962,34.562702
-58.320366,-50.805973
12.032879,-18.682589
-19.942616,60.99178
-49.20082,-38.72399
-6.8148293,-34.135513
1.1278609,77.86667
31.184523,-67.76074
-48.93729,2.7610354
8.547979,-36.94568
29.51297,35.5675
-15.564169,62.174152
-29.089933,45.806934
63.813892,15.070424
30.091326,36.9314
45.88775,-7.654267
-12.597693,50.926933
6.534212,-78.13343
-29.434,-31.611235
-13.442776,-54.732704
-34.67983,-48.932827
19.706493,8.18017
48.80272,67.680855
42.20844,-59.81856
-59.16229,-40.427536
35.72824,-67.28804
-3.2793748,29.939165
24.260805,-37.156498
-22.698906,26.907616
-30.367819,-53.726986
-66.70075,24.959957
61.50617,45.11227
1.3008568,-84.98684
-30.69015,-46.95895
-56.134956,-43.070988
-47.333874,-42.6415
-36.49363,27.92886
-31.175312,-33.84356
5.5283413,0.57657975
46.712296,12.167953
63.91315,22.326077
-3.03145,-83.73102
23.885187,25.372385
7.68125,-103.259544
46.050625,31.24004
62.644146,27.175467
31.802279,-32.610588
53.450146,-51.275375
38.64022,-54.244385
21.269934,18.588829
-6.091393,-60.085037
-9.540254,25.92676
-0.59368384,83.704094
6.9475794,3.9604194
65.024185,39.727116
41.838028,11.080495
-49.292595,-35.941643
15.929254,65.33762
16.51668,26.404434
-4.319533,-28.07507
-34.74709,-4.57413
-15.816394,-34.17909
-29.198359,15.269244
-53.601826,-17.73004
-29.539444,-26.80024
-35.314785,-23.906654
-53.42194,-42.831734
52.271618,-4.590384
1.6111035,-55.913387
2.3779478,-24.562698
19.58361,-51.786266
45.721294,74.43839
19.144943,12.735861
-27.595282,-33.3939
12.01289,7.862107
-19.342651,-69.343094
64.3042,30.122057
49.382427,5.813425
9.800141,34.426266
41.65194,66.23435
-6.8680573,-59.095413
-0.16649307,21.561478
19.506037,0.57329565
-37.88682,-52.086704
-28.159056,2.6065292
0.63031864,-71.850586
22.726618,17.043207
40.999023,-32.420525
-28.288868,-40.511444
-3.7861016,-32.11078
-27.71808,-65.024574
33.66572,-40.94438
-15.359905,-46.783573
-67.19394,30.685726
-6.8083677,-66.96306
-29.862814,31.570007
0.6168125,-71.12638
8.370508,-27.250713
-19.45552,-18.86641
22.745367,21.028126
-47.845757,-59.036568
40.93009,39.14012
-28.806982,-30.993307
72.22549,11.481062
54.33241,66.25153
43.008797,-32.80905
58.64289,-18.806078
9.279712,25.123705
56.426285,18.716566
-45.947002,-34.915764
61.48006,-20.004848
38.82518,-41.43804
-51.03858,8.324742
41.98002,-41.370556
64.11605,15.137035
-65.61841,39.492188
-60.021168,-46.847115
-24.56467,6.2084684
48.050224,54.789555
50.08375,-33.59305
25.217579,43.70614
-11.208893,68.70765
-41.75391,-34.26362
-39.65876,48.771652
2.1125903,79.52042
-7.527656,41.123974
-45.318165,16.88708
-52.69071,20.833696
-32.046078,37.386513
-12.653953,-59.782623
-30.348015,-56.479347
-39.69879,-42.785892
-21.88015,64.8494
33.03116,-33.688786
-1.2526759,41.711487
30.22114,-46.04268
-17.681353,-36.07193
42.72377,-16.152124
-20.025375,-69.6249
-12.896023,46.160275
-67.868614,19.696316
34.63043,22.709509
-23.944662,36.582737
-42.380333,8.695223
-59.971645,32.370323
2.8936226,-14.889085
-30.285652,-34.39863
-58.369152,17.241356
18.033978,-45.3525
-31.320425,16.953844
25.610613,33.815487
-44.628304,11.409887
-0.56021094,-83.7168
57.10607,0.6789025
8.851184,-80.36988
-3.7244322,-15.287826
-2.2156534,10.378301
18.24179,11.917599
-46.32535,23.546259
-62.66145,-44.31181
-38.051704,0.24499083
-45.673256,-20.462507
-15.199906,52.808887
52.843765,27.424679
0.86808145,-2.9255233
-9.920263,-32.436466
-58.984905,51.553024
-46.19868,-33.712723
30.389261,-63.704735
-4.603023,-76.89573
38.667652,-41.525772
-59.074898,-45.846245
4.084028,-106.81503
48.44648,12.665006
24.511883,32.88425
33.69866,-29.41764
-26.052526,-1.2821121
-55.51045,-36.731262
33.996548,-52.62892
-44.849575,-42.293034
51.980015,18.82225
42.892258,72.12727
1.0025659,-61.69504
-0.8377365,78.01546
38.107048,-39.88778
1.1432862,42.261158
24.053339,8.637015
58.122406,26.280216
62.536266,0.16727854
31.467302,-48.78396
52.352276,14.287417
-37.041553,-7.1902075
41.023006,-43.119152
4.872754,-6.1312613
14.789533,-45.76412
8.42302,43.10081
-5.1512275,84.16905
-44.67205,1.9695585
0.7013668,40.54349
-75.08339,32.48905
-39.83478,46.02893
11.75635,23.831005
-21.968386,-42.417847
37.412575,-55.388947
-21.445908,27.746832
61.614452,22.84587
11.499971,35.15358
-37.502274,43.247414
-13.770185,56.73277
-19.978077,10.166492
10.942116,-32.846275
-64.33563,29.97953
-23.551136,-30.74352
70.94,9.687486
0.4001533,28.86977
6.8935456,61.743103
-47.91518,-3.8903663
12.615772,6.1125746
47.616196,-60.424736
7.7860837,21.687628
33.860504,-67.05767
-47.080254,-51.62979
-21.344507,17.95454
48.691097,0.4205561
-77.67392,24.305882
-79.14646,26.989016
-13.484111,-47.117863
36.32842,-65.83584
-2.5296054,-36.246178
4.7142878,-6.023368
1.0476878,35.504494
-31.453835,0.40620473
21.092886,61.60002
-46.970013,-59.984264
-19.671848,46.210415
-49.70297,30.472002
-13.975579,-51.53538
9.196665,-66.76215
-26.026237,63.438248
-29.204807,-62.005497
-33.364773,7.4418435
-6.7230086,-6.14159
-3.3577316,-56.087067
-37.723396,-8.625591
15.21534,-12.256154
-19.114677,-12.752368
41.339874,62.352528
63.93918,37.90199
15.396985,63.87873
12.700492,47.94309
-22.933975,26.877863
14.108767,41.0073
-38.840324,3.048909
-2.8795345,40.72844
19.941498,36.71448
-40.441,-11.218774
-58.790367,-54.40666
-18.828362,-31.030426
-42.263496,-30.28608
23.424707,56.32206
38.26,-68.616005
-0.75559336,6.267014
70.16131,30.152819
61.595516,20.568907
51.277687,-43.389725
-31.278648,-59.12014
38.280785,-42.692
42.653133,-1.2420094
-54.416775,-50.59494
-5.595178,-24.863733
67.048294,16.531595
-58.06153,16.990822
15.963653,-34.1685
-14.784594,-59.30758
9.582198,-80.78891
-20.180279,23.533045
48.464306,12.607921
48.437695,15.021338
4.1315794,42.72643
4.7604346,16.662033
-16.28017,21.093708
14.667912,-56.413353
-9.620994,-23.896467
22.970636,-35.904415
-70.1842,17.702965
-15.084335,-29.107264
6.1610756,29.196098
-28.590837,63.309353
67.551384,-3.5958073
-7.5159483,53.54559
21.057192,49.008934
49.51771,-45.763187
22.96519,14.98088
-66.49126,30.469051
13.331504,40.489418
44.023933,59.954853
-33.990917,-55.507133
20.129282,49.56635
10.988606,-21.581062
72.92212,27.384434
30.189747,-42.636826
26.080309,1.2008076
48.951736,-35.291126
-22.271276,57.635784
-56.465622,18.258667
-36.51722,44.439857
22.854242,52.93039
69.823654,9.693505
-80.1352,25.434008
73.12493,11.264565
-0.6865075,-87.25521
9.581791,-51.50041
1.002715,-33.671467
2.8243823,-0.6444722
14.361391,19.431515
33.894287,-52.77304
-18.898466,59.235863
65.897354,-2.9046967
63.425327,-1.777352
-57.234535,-47.13768
-14.791478,58.364918
-12.641537,70.94513
-43.14718,8.146869
-79.369514,28.316336
-45.101578,46.715103
-14.9585705,-50.962173
4.7109685,-105.86472
1.0931085,-64.85795
-23.684738,-62.22828
-78.72178,24.340248
10.353879,-1.8217558
78.65092,7.5412817
14.995104,50.680252
44.100754,27.43865
-57.42727,39.63174
-35.022854,-50.09716
7.0087028,-35.13761
12.620067,-68.8278
-8.62563,0.24942541
-20.838308,42.454967
-9.30217,-82.3469
3.677087,-67.55062
12.090892,-1.7932355
28.135286,-32.704636
-12.216704,77.2329
-10.101229,47.938595
20.530544,-44.400864
62.797134,15.732538
40.684082,-33.227245
-39.954258,37.038223
59.865242,29.692099
-76.99361,25.60038
3.8910177,79.01027
7.39168,-78.42513
3.976535,-42.754593
31.704702,-35.4944
56.379513,18.646538
-12.591505,-43.123947
45.291748,65.25608
41.73417,44.395565
-5.259912,33.14166
0.95181143,-79.19211
-27.939026,-41.67516
-14.467627,-52.75766
-27.49863,15.360197
-48.037006,-35.071613
23.37551,55.080086
-33.008095,-20.089422
11.043203,-103.36899
60.739235,-17.45629
-17.670002,-39.82647
0.4715208,52.281834
-9.5750475,-74.11421
-30.227165,-10.532705
-19.852762,58.811337
-46.331917,12.557382
-25.598003,57.757423
37.43069,-67.40096
9.267688,50.437187
-40.34319,-31.196648
-48.062332,-19.59654
-23.905046,53.526634
-28.245167,31.670734
26.514437,-45.38225
-57.582188,-51.207718
-60.31994,-34.118824
-82.07632,24.507101
0.7447842,3.8208013
-0.5011371,53.56605
25.66814,-55.298103
51.847332,19.468164
-44.13987,40.893845
-41.91733,1.9486575
14.461941,-30.51059
-5.584431,-57.644207
10.258285,-39.866615
29.577436,-67.45264
-2.6672194,-71.385376
-16.33485,-2.1941822
-20.804688,-25.674059
19.54837,-21.05322
-18.786665,0.30847418
-49.847683,-40.269806
51.797726,-0.27791747
-6.052808,42.72556
18.61249,25.723446
-71.35015,25.469942
7.537111,-39.292404
-37.908466,19.643837
48.5715,24.174213
-13.487557,24.11091
-10.584189,35.74867
5.3784404,55.875538
66.70724,17.873487
25.62146,40.97897
29.941185,35.53618
-9.6708555,24.162416
29.128723,-13.203956
38.369076,7.0563793
15.340737,-62.216354
16.294704,-60.42738
44.527813,-55.871727
1.0209743,51.33216
5.7225327,-19.712147
-3.9709682,78.073395
22.806711,52.726887
52.999016,67.8978
48.437878,-57.886665
-75.97814,24.89513
58.091084,-23.80091
-48.52078,-48.118244
-56.937702,-31.403662
-28.55427,-52.53576
15.192249,20.966255
-4.178973,-69.78255
-44.214386,45.610664
-13.124715,51.150826
20.257107,8.295107
-27.156324,-40.83356
-1.4851993,-18.60821
-32.98854,5.104617
-61.334763,-36.202282
-57.80272,-27.492222
37.70072,-48.689545
-54.731255,23.467743
25.828152,-51.69912
-0.16645484,-2.1409605
41.300716,63.290295
-7.2622185,-44.69168
48.794495,-35.324535
-31.859854,65.27629
-34.545456,-58.069996
-12.767316,6.5840654
20.443764,16.070673
-59.38922,-53.457836
42.01836,-40.14139
66.101944,17.107174
-17.678408,-59.944202
-33.304592,7.736694
32.634853,-28.54745
-39.03194,-14.34518
-25.871805,56.236702
-28.8107,66.21982
-18.35667,71.13824
18.330988,24.358326
-32.405247,-26.70507
-70.0336,23.414127
5.98505,33.814106
-47.69225,37.404896
-26.81308,-64.6044
42.383755,37.794178
-30.397741,-40.17539
64.851006,-1.8714486
-38.2025,0.59838057
-35.979885,14.230633
8.975392,39.839993
8.318579,-72.23629
-34.29195,10.054575
0.8624956,-36.709606
-7.073737,-12.537846
-2.8263042,23.547562
-52.47104,20.012896
40.311707,68.0727
-71.106804,29.52757
41.02632,17.26448
-75.88945,29.271444
24.205153,-64.47016
0.7072921,52.32673
-8.461046,39.67398
-9.525388,24.402124
-11.906177,27.92553
11.318466,-2.0600605
13.132528,24.261356
70.47723,35.040657
52.902813,53.850452
25.324524,-69.23094
-32.97302,38.757347
-15.093301,52.791836
-50.740273,-56.16153
-58.34742,-39.859524
-10.168347,47.963253
3.4491117,-17.813736
-65.53533,-38.399532
64.97936,25.389761
-14.089236,66.70663
-49.419872,10.257486
-5.537735,68.632774
-20.452175,14.208526
-31.150888,-14.805508
1.8510226,-54.434555
-31.03919,-41.88634
3.5762978,10.591873
-37.893917,-10.789602
35.649685,10.209275
-5.2477694,-82.473335
26.999197,-21.040535
41.578167,-57.51529
-14.8777485,42.310364
-36.287266,-32.79651
9.383027,21.584106
-32.007725,45.575634
-1.9413717,64.27465
-3.8678992,37.871674
-21.889305,-38.39663
-1.8803357,83.08761
-0.53890985,81.97449
-1.7895031,-41.82383
-13.638048,-64.06407
46.577858,-40.486404
19.738277,-15.8201885
-16.744272,26.094841
8.835967,-17.916388
55.78418,32.532585
10.352524,56.1727
47.92374,37.96521
-29.370522,12.037696
-4.1295056,-54.803368
18.413967,-20.552263
14.542679,18.523632
-0.14818667,-11.318178
7.534178,-34.52397
-3.8206558,-4.567009
51.120163,-49.859455
-33.75921,-3.9735384
7.0343285,-80.0669
-14.372629,-0.1945784
48.269817,-42.07164
2.1414518,-52.077553
62.081623,5.6387653
26.40819,49.313076
60.851627,-24.30736
16.031113,-5.949814
-5.337528,-69.41547
-72.10702,30.753025
-30.016666,-15.967369
23.130163,45.40019
-16.755959,-61.01204
7.4053006,-30.723063
72.55563,18.433483
60.39166,20.370762
-70.44546,20.92305
-41.505142,-28.279863
-46.551525,40.9941
-56.764248,-42.558266
30.386715,-3.182408
27.20359,39.840134
55.166084,15.013416
62.28955,-19.15701
-7.987696,-45.856667
-32.18071,-50.983288
-4.6539025,31.40418
2.197738,-83.98611
-45.101845,15.5960045
-16.993246,60.65165
-46.988487,0.09182774
-12.712882,-78.65128
-22.844088,-59.99243
16.119019,6.558645
-6.679032,-39.723717
-23.301985,9.089938
-47.63648,-42.608932
-43.51961,-2.208412
28.461382,-55.341217
-16.052052,11.712787
-8.772949,82.08504
32.375965,-65.044556
-20.192114,6.5889635
-69.315636,27.216387
8.225902,4.715333
-71.626976,23.157818
52.200817,-18.839754
-53.68647,-47.438095
36.308544,-36.12071
-14.720527,4.8994484
-9.001065,55.64603
-51.32251,-32.489048
56.613205,-5.5449657
-4.6021814,31.890293
-37.460846,4.77005
-24.27371,-51.561916
14.041773,36.81755
-26.176735,-30.892622
-39.58185,-26.947897
24.337648,11.522773
-4.0404706,-17.657537
-4.0831885,-41.507107
7.6620383,5.1748853
8.667112,-43.704758
-28.335491,-52.557404
30.288004,-5.180929
-33.26203,42.93655
-3.1510527,-25.133156
43.18563,-43.52281
-4.17637,4.5074015
-37.7346,-42.141647
-19.824944,17.88762
24.589497,-32.503704
-13.687075,-28.510956
-27.528666,-46.15111
-48.2157,-28.253935
-38.814533,26.80715
-40.29523,-34.64095
48.34833,-32.128708
44.566082,-44.725143
5.776812,33.701157
15.737112,13.025879
-0.11343521,85.270966
41.766705,-54.153957
4.339632,62.471977
-44.503727,1.68111
-34.020863,6.653497
19.301868,44.42401
18.331905,-54.964382
-29.064283,2.6907473
20.246859,-51.261337
5.681417,-68.53199
13.150181,22.726725
-10.624275,62.519516
-4.71371,5.6196504
-5.6465774,39.190655
1.0245501,-82.8295
11.953867,32.896027
-38.887985,-33.543434
-15.163798,69.86556
-12.958749,71.69461
-26.761501,-38.994358
0.6400423,30.619087
4.011037,34.153866
45.675686,30.71177
-54.88156,23.986204
-35.994392,-34.35765
31.198408,-38.150517
11.930409,54.443375
-34.28937,34.095592
0.9084797,55.575092
-30.948376,-65.52572
-42.603596,-5.9250884
-18.510294,46.165356
-15.275587,-19.011337
-64.426414,30.113533
-9.913106,-77.33777
-24.32226,61.847557
-3.9882407,-28.191124
-37.671085,15.640506
47.130306,2.7093265
-12.040124,62.282166
23.863567,44.23681
-33.079693,14.867938
-4.5585356,21.995697
57.45893,-23.143509
-35.91409,56.647045
-37.64625,-6.7330074
36.967396,-65.93106
-29.539003,15.52323
15.098294,-9.32327
21.548254,51.150642
39.509014,-50.881233
33.705997,-45.26554
39.442524,66.6091
-54.818542,-44.41479
7.539779,44.571766
-6.60332,31.76045
-12.9066105,30.561054
-50.008236,7.7904315
-27.879522,-40.1755
2.9498568,58.185486
77.60709,13.544446
-35.706028,11.420482
-1.5498811,-34.080997
52.13261,12.634862
-16.406898,16.049213
5.056723,50.149498
-63.31178,-47.3555
1.2389197,36.79093
19.93982,33.07039
5.076663,-65.17931
-47.305824,-49.92138
-13.782333,34.075882
-44.44895,7.708922
56.43058,-15.254398
-4.838458,-77.182556
-39.046543,-5.016402
1.4341054,12.920172
-59.22468,32.28216
-71.57421,24.34823
-23.71602,57.125793
4.312068,-85.65657
-4.9613285,-68.11209
-15.698721,20.79336
18.09214,43.432644
49.54778,-45.336277
5.4033265,36.33564
45.788662,-32.575768
-24.53943,-46.540997
26.270771,34.820194
-10.409721,-29.85237
60.023415,-14.922592
-7.429267,39.157368
50.729294,65.96465
-25.845642,17.353397
17.628063,37.474247
38.69222,-6.1949687
47.465622,5.817984
26.030817,37.13697
47.137135,65.448235
-42.722157,-24.079409
-58.2482,-32.763367
48.711525,0.7825894
-4.493122,23.451292
-19.73756,19.556345
34.381878,28.467382
63.092346,29.92601
52.358265,29.519035
-7.368167,81.296196
60.870495,32.27927
43.575428,1.5616719
21.024763,-35.47171
73.48577,9.521827
27.579723,17.308355
-13.444898,-53.90092
34.941696,-64.78094
21.281513,18.587847
-26.231512,27.446869
-41.445496,6.930675
-8.972987,26.229626
54.61434,-0.03989405
69.485634,16.488205
-70.60013,23.287779
76.74719,8.544212
-0.292032,9.624657
7.8841615,-84.413704
-16.10282,69.863266
27.410248,-54.23973
-37.42308,41.270985
-17.57385,-23.264246
20.265451,16.010092
-3.4712338,43.211525
-10.243257,64.623116
-7.5163627,64.702034
9.767023,-102.66273
19.600874,-8.105598
-29.763788,10.255055
9.2548685,47.633
55.847393,-2.9264777
39.85427,32.578747
28.786354,-31.750399
9.476146,-34.364967
-39.72202,-1.1402459
55.596497,33.770454
-50.427788,31.116344
-23.444365,-48.095474
-20.583305,36.767586
-55.751152,-29.658497
-11.106192,36.018356
-5.302381,33.182186
64.16025,19.17221
1.7394112,52.19252
-61.707058,35.827
24.928934,-8.82148
50.890335,37.569256
13.654414,-13.668065
24.524555,17.058235
-44.304596,-2.1260877
-4.1551886,4.6364202
-8.699972,18.162178
-7.8604846,-12.374412
21.045532,-29.664715
-26.797823,22.318676
48.24248,5.406209
-51.160282,-32.46445
-40.31657,-43.177658
-6.8559995,35.71424
-61.647896,49.617115
-32.98025,-60.968052
41.912903,58.84161
-23.610903,-36.460056
27.003439,-59.976345
16.97316,-47.467316
-12.941461,-62.40822
-10.641679,-1.1760758
20.090858,-20.830368
66.969955,37.195465
54.23984,-19.11737
21.593092,16.261787
-31.507187,-32.543514
-30.965471,-53.260868
-13.756525,56.65088
6.2588367,-1.3462627
49.725956,-39.968426
6.325964,39.83131
-9.5842905,26.898966
-9.580528,42.407288
33.871338,-65.08608
17.064566,42.984123
29.675686,-39.701878
-19.526741,-23.837297
1.9172906,-78.764305
43.40588,-36.20395
-34.44303,49.065582
26.581762,-51.683956
45.93526,34.116894
-0.8136492,-50.13741
56.315086,-16.710379
-13.946109,33.201363
51.66832,60.093082
-61.82564,26.472933
44.421658,0.19440864
23.63262,26.2749
55.89847,9.798879
-6.289541,64.460686
-2.666537,7.2205276
-44.589165,17.475
10.857789,62.919674
-5.117174,41.237335
47.947594,-62.70229
-79.36473,24.187134
-27.770144,26.28976
-17.207703,-56.4639
-7.5443563,-14.571974
-2.5908844,57.949516
-49.747814,-52.72916
10.87349,45.560276
4.193138,-105.25499
17.665731,-54.714413
4.3884745,34.575256
-0.26312846,79.93472
15.820441,65.39482
2.9358664,7.4752417
-20.670198,-17.249365
-35.27414,65.15999
28.428823,23.99386
-24.802362,61.69401
-10.912291,43.022476
47.993717,48.461235
11.696101,-101.65546
38.019512,34.22981
14.384795,-6.6898837
-17.528217,-33.809925
-5.4565835,84.26256
12.288166,66.20848
12.72053,29.657001
-28.68379,3.9108503
10.225629,-50.035015
-53.902607,18.848372
-44.24216,-44.311478
-8.675795,-79.19062
2.987248,21.414637
43.66613,34.402863
11.924345,-58.10389
1.5131422,28.80569
-61.052994,-49.847164
-2.752722,-14.653476
-38.1572,49.03588
45.54173,-32.17616
62.281445,-19.219
39.717484,-66.20359
-42.526768,4.859454
68.79781,19.61469
-26.680773,60.23981
-42.79098,-6.440819
45.87486,29.030132
-24.103313,53.623955
59.792465,28.668194
24.665993,49.382343
-17.683718,-67.57317
-49.920918,-5.7867007
1.0655688,49.448128
22.457407,-43.358902
-0.9105764,42.313503
56.431816,45.254837
-10.122973,24.182484
65.25846,-4.4381256
-2.8008049,72.76617
-31.090122,41.381836
35.141804,-63.558884
38.572258,-22.83781
20.953716,23.363815
4.5076823,-0.44407436
23.962488,-61.907078
43.154976,42.259182
8.681525,-10.98796
-79.93935,26.281868
-5.8808365,56.767586
-48.32435,-48.45665
-2.353426,-27.38074
-5.4752946,82.43965
57.045616,34.510357
11.416906,-38.665474
1.5853693,21.11055
8.763463,-66.68544
-31.948023,-46.234203
-24.763504,-51.53948
41.356636,0.16430166
-7.8855824,-52.764156
33.097023,-32.681168
9.348334,46.758514
-39.987476,31.323624
-36.816235,14.37368
-17.337933,1.8116448
9.191497,33.361248
-0.54698896,7.741113
-22.35611,53.695988
47.757847,3.4854133
41.32582,28.778591
18.273172,-5.630194
-54.25965,-51.038467
-8.921781,50.580826
-29.50488,38.716576
-75.449814,24.785116
-8.746508,-31.011646
20.24484,-15.979616
-70.783485,23.396732
-12.857174,-31.369455
-13.314512,42.772625
-23.738907,4.7519403
-31.7136,33.035282
39.831356,-40.809345
8.619543,-38.4912
-46.34509,-33.189083
-10.184577,34.119114
1.1617316,-64.448074
-1.0698756,-21.888332
-67.98996,35.99555
37.232044,-45.833763
-40.75243,40.03412
-34.87647,43.994152
-6.3845105,0.250118
-38.831413,-50.829735
48.426098,-46.60428
59.314682,-24.076548
-10.015229,-33.130703
-35.45471,-44.772587
65.11528,25.0667
5.0052543,59.94391
-26.56145,15.0895815
50.960903,-51.317398
-12.93075,51.124428
62.465958,35.28471
-43.07572,36.730293
-29.120565,48.183075
14.772527,33.0817
13.876337,-39.25478
16.23867,-17.100807
-13.70879,51.714794
-75.10149,27.730919
-51.191826,21.444708
45.254395,32.279438
-12.513339,30.022087
-5.6664734,7.582038
0.06318059,14.516991
36.805195,-27.124853
-74.96255,33.97825
23.490452,56.283787
-32.39548,62.21394
-0.5510823,64.666504
-29.41663,-33.61145
7.7210426,13.42369
0.6029822,72.85707
58.30423,33.228653
-81.18285,24.75161
-11.967385,16.341543
-30.38481,-40.968678
-67.54967,43.72825
16.798346,8.997799
-33.146484,55.667103
-59.293507,43.91735
1.824982,64.194496
20.74194,-55.148544
63.26165,-18.29312
-3.4822936,16.74852
-4.12941,-50.37483
-64.03368,36.640503
-27.037981,-15.996052
10.675283,-68.00071
47.846672,-60.58077
-6.35286,-34.65134
18.411102,27.306509
-37.462547,49.940353
9.881867,10.237528
51.05453,64.168625
1.7185868,-14.557866
-37.978657,46.235634
9.308749,10.50463
40.305847,-38.848686
19.062784,19.727833
36.924408,-34.076485
-17.651503,-12.390331
-10.069185,56.376507
49.4676,-39.94555
39.34133,33.371983
27.370369,-48.27627
-3.7959347,13.557423
-36.913925,61.364594
-13.61211,-25.863562
-6.1420445,80.99378
-30.032164,-45.614075
-31.456848,-16.08036
-27.45082,63.61363
-31.792816,59.14653
-4.786194,-59.18202
29.600122,-39.877007
40.182648,0.6431559
-20.481565,-49.01021
-13.498557,-53.901657
63.025826,4.2562985
-8.133735,69.34866
-16.343182,-8.600921
-41.86748,14.030153
43.03666,-5.3468933
5.1340046,-28.85189
64.617485,35.768963
41.760227,67.056335
-56.96138,-56.607647
15.761171,-16.483732
-17.710506,-69.471
-15.183076,-34.799713
23.012123,-54.056747
1.457412,84.186356
12.617697,-80.39803
-80.15044,23.670065
-25.211742,-21.031021
-16.166553,11.830453
-46.16671,37.698776
19.628738,7.4126678
-48.09715,-51.190117
10.780829,-101.65418
-29.869951,-11.068625
73.06407,20.681393
-64.85456,40.612106
-37.18188,-28.442244
26.918697,-60.17708
27.533821,-36.43497
-20.063911,46.35121
-62.926285,29.565073
-74.72114,31.04317
17.423475,-44.168125
51.91391,-51.286404
-0.60563326,-84.238045
6.255783,39.99171
-5.8172812,-49.912487
-24.919453,-65.032394
-45.733215,-33.747993
-2.0646908,41.007042
25.39895,37.816883
60.718803,-22.555445
-26.783564,11.201839
2.4626307,-18.568901
-13.373164,23.941408
43.635735,12.639726
-21.82328,58.067173
24.741953,-53.788197
3.001477,77.45847
0.6598776,20.462465
35.11894,-62.558804
6.745876,2.7037737
14.0837,40.726166
57.77311,40.44134
4.4444923,-49.63266
55.764812,45.939415
0.09814814,-10.730008
12.504352,42.970978
-17.87653,-53.93177
64.905426,38.48384
23.52978,-55.55525
12.75985,24.981977
-65.70515,18.447187
40.03896,-9.48189
36.00676,-65.268234
63.12594,28.61829
-71.83566,23.924889
2.8898966,21.338999
-35.180782,-41.412933
29.049232,16.279737
-40.443127,-4.299393
7.2863946,55.114105
-32.39419,0.62698495
-17.84473,-27.565512
38.34767,-30.586044
-26.73136,33.88599
-50.048313,-38.641357
3.7479625,-50.813545
67.28717,9.477931
-16.500235,-65.07097
-37.22387,-59.04607
-57.00932,29.25956
60.150986,42.87488
35.332264,18.324461
-18.116354,-10.887756
21.975483,46.44672
1.0447003,37.120926
54.38291,14.769353
-33.53495,20.22449
-19.191135,55.56258
26.1564,20.055328
-13.992217,-45.675644
-60.677208,37.63027
48.331844,-46.09869
-10.808808,4.2246656
-23.804356,-27.247017
39.42568,-10.203521
69.873146,4.128643
-28.252243,11.333649
-39.21408,50.83243
-38.544945,18.16169
-32.416355,-44.023952
-37.877693,15.718967
4.33573,-77.07599
41.83937,26.947033
-15.494933,54.788914
14.572323,-29.293913
43.53906,27.965374
66.46176,22.597076
44.467842,65.21368
-5.4468513,-76.79775
27.883759,-0.6506239
-3.5943828,29.738087
-0.44816586,21.508636
7.2213464,-36.70029
4.056333,-19.034718
-62.24916,-42.313778
6.2059407,-27.74291
5.015634,-12.440172
14.4713335,32.914963
49.183304,38.735462
20.250834,-26.18885
-25.078236,29.859776
-29.872011,28.292356
13.629677,-58.354366
0.98268425,-68.66278
-22.25527,-0.6626028
-6.1368027,-76.89197
-40.507175,-42.475636
16.065351,-34.425552
5.6927767,-39.3298
-20.119629,57.614742
-13.210177,-64.06604
-70.51246,34.587425
-4.1030836,32.09668
-24.327667,11.2659855
-17.008987,8.272118
-39.010925,-1.7172675
3.0711472,82.63424
7.026584,15.670384
-8.487006,-7.4013
-32.297474,59.32296
68.62554,35.260162
5.842641,41.934208
-27.065498,28.184214
14.933496,42.686928
-32.51297,17.313334
-23.041094,-60.424072
-3.1116452,6.831153
9.261243,48.29724
8.166717,-72.60748
10.9525175,45.203613
59.72256,1.5087833
44.9926,67.26624
-21.696259,23.101988
-58.47286,-21.135696
20.456333,-54.00237
-33.592686,17.683956
26.370302,-38.780552
10.221168,-49.905693
47.35009,-42.0938
14.800604,36.670685
-58.98722,43.937622
9.724456,46.651897
-28.005165,15.841803
15.355832,58.682716
-2.113481,64.41052
8.154855,37.356327
-11.2913475,-60.351315
-9.10623,-33.56541
-3.1510618,6.062685
-35.88098,35.537724
-47.857388,-32.17297
-0.384551,6.621959
-26.222322,-41.041042
-49.959644,-45.709583
63.2786,17.622124
-9.224252,3.1961606
7.7990847,-2.177808
36.19288,-41.55071
24.020996,25.09754
-14.519048,-39.264908
34.67845,-58.694084
43.385902,18.673378
67.56353,38.372128
-32.249893,22.079115
-1.613218,10.2780905
43.255672,-42.8069
44.879047,64.89197
-19.732796,-24.82899
5.2811623,-6.248571
28.790354,18.411133
7.728807,24.231
37.166218,-0.5231475
-21.868092,-59.230602
10.207296,-26.179157
54.584312,15.661079
44.681503,-27.983612
12.7240925,15.968022
7.3060775,-72.574066
10.076376,-0.38215864
-16.62561,10.63925
-10.817219,-66.97161
-53.070023,14.980491
-4.9107676,29.917059
-37.02388,26.507185
-2.1811821,18.507774
8.670492,-27.392384
-29.899456,-34.146835
-32.475002,41.00278
-25.850306,-12.92412
-18.680836,8.4244585
-17.232302,-69.12747
68.500656,19.008194
19.16782,-45.12579
-23.097197,48.327766
10.6666155,-22.31114
-49.114803,-49.70045
-31.22368,-49.086052
-31.596975,48.583443
-20.173197,29.57257
66.18773,15.411041
-5.5499625,-55.220726
-26.361076,-52.116734
69.9135,30.104742
45.09834,6.204306
46.17459,13.617293
37.30484,-1.45518
6.581258,-40.125584
-59.866707,39.450798
-18.403173,1.4625878
-21.370329,43.2124
-27.338486,-11.658387
-3.9854336,67.1557
8.138989,10.380457
23.47596,-68.434906
7.678975,67.197296
-50.725525,22.348877
19.389894,2.6339326
12.69729,-6.524014
51.439663,23.826199
38.52215,-45.168
11.295103,-35.44142
-16.032084,-51.626034
62.99116,19.51904
-3.936207,65.59183
40.075497,33.389587
11.824392,13.338459
8.281054,-27.446352
44.600903,-40.47651
-38.225708,36.397053
-25.521378,65.112236
-41.51158,16.289387
-0.6174695,62.5078
23.64216,25.784988
-9.623095,79.16601
-57.83668,-22.96675
-38.408257,36.40944
3.407545,48.2503
-45.391983,3.7816427
54.77384,36.345356
10.001493,-75.676704
-83.665306,22.198446
4.0427456,-17.24272
-1.2342328,5.1230025
5.598464,-2.3695567
-38.809566,12.286752
-51.520145,3.0707068
-54.93232,25.724115
-39.321613,-53.565758
-35.153496,37.247604
18.381498,34.63857
20.868256,49.0296
1.5929557,64.24161
38.54281,-34.642315
-16.980297,45.8384
-9.721271,38.633163
11.842831,-102.23134
-34.152203,-8.40318
-24.973225,71.2821
-29.566717,-16.04673
14.566042,40.705875
54.290615,15.379218
47.21331,-2.745759
18.494215,27.012354
42.27123,-9.115676
21.512184,-66.862206
51.72207,-37.64349
15.587896,33.726906
34.325676,1.9100752
52.088253,-52.32481
48.33749,17.466827
-9.60967,79.3769
4.2917852,-25.15997
-29.348364,-42.144783
26.221674,44.744694
-71.82123,28.339672
24.229132,-48.113758
15.30166,39.386654
-8.030118,-37.842113
-43.810173,44.702568
-35.850304,61.921387
-26.47283,27.798544
62.718624,-19.493149
3.9493039,-85.44072
58.874798,23.264338
2.4769495,49.50133
54.148453,-3.9159286
-30.15252,23.998444
19.345808,6.2984767
42.102028,34.68045
36.508797,-68.991066
-53.9715,-8.11655
64.03026,0.7803781
58.61536,9.1140995
-0.066265926,44.060467
-36.768005,-34.06496
-12.2548485,2.3979774
-58.491108,-21.104006
22.595455,58.09974
-10.129157,22.570953
0.010348434,-83.14647
-36.43073,29.287308
62.26571,-23.228428
-23.466324,43.548485
-12.18408,8.530297
-8.695716,-74.10875
4.7725286,49.540882
67.87869,38.311382
-15.403083,-34.790665
-4.56089,48.562363
-30.419924,-37.413914
31.048857,52.336998
33.154568,-57.759293
26.98385,-27.21551
-57.818584,14.947646
51.264267,26.478033
-39.899456,-26.903376
44.76628,-42.88018
-56.189495,-49.788563
61.867256,43.614704
-43.345543,48.096657
16.344656,17.890472
50.490475,4.82269
10.455652,-32.723564
-52.904392,-40.602592
46.17855,-49.41516
34.908127,-27.459003
-5.2687387,-63.427513
2.589782,83.5684
-34.939205,-45.92745
-35.572365,24.206522
-26.200508,56.699665
26.304115,40.99735
-43.25745,-40.11976
28.114119,-65.90618
0.25198564,-74.86872
11.143203,-67.74458
-50.256355,16.968967
60.900707,16.756124
4.53321,53.792854
-20.475008,1.9881688
-12.74344,-47.940945
-2.771579,40.79249
-29.164173,-44.99774
3.2424126,5.2415404
-28.413073,-48.039867
14.236633,27.488163
-38.28948,45.288868
-8.217016,0.1470066
-42.649185,10.775054
9.858275,-5.413373
10.972386,-29.330423
-15.003487,-68.87953
-21.074274,-58.201912
49.057552,38.873474
44.231308,8.985072
-52.414658,27.55861
-24.449522,46.783188
43.121403,37.860775
-80.96634,23.612297
-6.79057,-46.34903
-48.178963,-39.12452
-24.386377,-46.454247
-9.327042,23.720118
-0.13543019,-5.7562304
2.6206515,29.48696
-6.611581,-64.70296
-39.93475,42.5872
-43.087036,36.670776
45.86327,-43.99275
57.98284,-2.6104548
-16.303276,54.95659
-15.748821,20.80449
19.729065,5.497197
17.71055,43.508953
-33.23078,28.084877
4.2084293,63.02555
37.4688,-0.46978843
-34.521984,63.28952
-23.88296,5.339544
66.24172,-5.363212
-20.656998,-39.567986
-21.867577,11.802189
24.273764,-13.28508
-34.005753,61.83696
18.218567,-31.787468
-15.436587,49.960064
67.793396,4.2308564
22.353018,-34.78738
13.836966,58.538555
-32.014854,-47.301437
-24.463383,-50.894657
11.886899,50.9099
52.46475,66.34101
-51.395275,-47.18719
18.245441,14.479988
49.007767,68.67348
-11.961659,18.775812
51.13125,15.452543
-46.17544,-14.78563
-51.952427,-42.14397
-41.213886,-32.743565
53.749016,34.757984
-24.605318,16.71214
13.251593,-58.693634
44.10264,65.84368
-39.04746,-37.324326
-2.0801113,18.3636
-20.211174,34.546116
55.8442,32.526104
46.498825,-52.1665
-58.00737,8.711856
42.178207,-52.433502
40.983875,17.01845
19.07806,-44.24362
-40.99722,-7.4413953
42.561203,-34.645805
-4.2795043,-18.744242
-14.647432,12.41652
28.096285,-33.297096
-6.013745,2.793004
14.051444,-14.774991
-41.50021,8.781949
-12.014659,15.367602
45.747513,19.151833
28.96628,-66.51047
24.170248,-47.29218
11.463543,-102.21393
-37.97844,-39.98512
57.117664,47.310852
-25.931156,24.841034
-9.133078,-74.15887
-45.33268,8.812942
-7.105685,-58.889168
55.441357,9.961925
-16.25182,-65.21843
-23.745495,-63.34745
41.79969,-34.358788
-14.009929,-13.742089
11.86526,3.7188334
56.36692,13.324283
-38.21639,-6.247863
6.182597,-68.18795
-20.871866,61.01671
-9.207045,-13.185065
51.87266,59.578995
-0.20307514,-33.954082
-52.095604,16.637423
61.444553,12.718773
-0.42080915,57.520126
-40.49876,26.293089
15.541363,-24.66787
40.61103,8.763101
74.072365,19.155245
-21.343945,-24.177378
-44.563103,2.0021937
-37.576443,15.6830435
-39.704803,49.31966
39.42417,35.596302
8.476818,14.74099
57.34266,44.891804
13.564689,-2.71664
-16.019716,31.268724
-1.1843587,-78.4889
5.1097417,-42.80194
49.73357,-42.593384
65.84298,22.283382
-53.823128,12.693952
-10.01351,-45.509277
62.406128,24.800219
-81.76949,22.786491
16.016481,38.75938
-12.004271,8.522028
45.961563,69.272705
5.122082,29.48213
-13.686685,31.339184
2.0255928,-35.464394
54.26974,-47.884605
-15.326445,-53.64824
-34.690166,5.509121
6.61907,46.246094
-27.442455,-61.630486
9.481495,-39.049538
56.82043,45.21682
-47.50639,37.5603
54.25729,16.664154
-11.319886,29.485432
-31.306326,-30.696688
48.73783,2.0660236
-23.477562,-5.3869686
9.967182,3.0850964
24.78434,-2.4979362
10.130918,35.98183
15.191695,20.510752
57.689335,47.908813
32.20936,-58.61407
2.884382,24.316395
49.195633,64.82779
2.3610382,-21.73961
-22.995384,3.7175393
-32.760975,2.226148
-44.43742,-43.561516
-68.59402,34.01601
6.5775275,24.859318
-31.608456,49.400078
-57.46643,-32.101944
21.423874,-51.493767
-20.250309,7.91871
-8.212551,32.953304
-39.20875,45.780136
61.972645,40.0375
4.45613,-8.161164
-44.624844,50.035446
54.914845,14.14044
-14.296905,59.025223
-20.77531,-30.054232
-36.10254,19.541304
55.37142,1.6475025
-82.44268,25.553402
-62.188694,35.145058
54.968204,-5.7588477
-45.2738,44.292816
-29.106194,-26.935698
-7.534743,-31.520521
-40.100098,20.272232
-47.02345,-50.859055
-26.03329,45.939327
19.687674,1.2716961
59.78924,34.837456
-3.4890056,-28.15992
-61.099644,-39.58004
61.14898,20.784935
54.482067,42.15702
0.031512592,-34.830418
1.9107578,-33.689606
-32.530937,58.63727
-30.905672,-53.185535
44.339825,34.301895
10.500359,-32.66711
-32.332996,7.7464004
3.4639764,39.374805
8.45402,-20.289162
-14.248415,-13.715032
-12.436628,-64.49469
49.375645,-39.075333
-6.1728663,-52.120632
41.45549,4.426632
2.6012793,29.478477
12.400215,8.016909
-48.493755,-42.208958
8.797852,-31.713213
4.81,42.68419
-24.092876,-64.6718
3.2433639,37.474556
0.9649605,78.81536
2.821597,-80.98432
-19.830585,-57.959694
36.759968,48.644993
12.416277,-103.24815
-54.528847,-7.7931223
-32.810467,11.908023
7.6074796,71.04187
-7.5390625,-64.9894
-7.412476,28.259762
-20.393423,-48.314137
15.060289,-47.510525
-24.490732,-17.832533
53.35416,16.935823
-31.136053,-48.555183
-3.4815018,-4.8196783
5.5470457,-6.5313964
63.700943,-19.475157
-10.192028,24.217043
17.516266,24.038141
51.854706,69.720276
17.348522,-58.585304
-25.318895,-59.42174
-2.9711332,9.6907425
-45.56089,-33.24925
-40.131294,42.57131
-6.774993,15.785064
22.25887,27.543966
49.767128,65.82279
5.6734667,46.233536
-25.74967,55.949303
-17.062723,-66.51821
-41.794117,2.1881042
-11.278752,19.298573
9.282901,24.88672
4.2993917,-7.8882704
-44.6085,-19.548056
-17.269417,50.82233
-36.638702,2.331277
7.4062486,66.73542
-11.160326,-11.982634
-60.750023,-49.34583
-36.905544,-3.1373847
60.639965,10.488579
-34.265194,-31.2997
-3.2001467,-78.87724
-34.497627,3.4071155
-56.80859,-6.743197
2.5377393,23.857971
14.915406,-18.078148
-34.98952,-49.67449
45.71369,19.344881
6.567563,63.671844
-3.3412266,43.951046
-18.26335,-67.44835
8.7857685,30.822206
-10.618075,27.312355
-82.74955,22.717543
-19.35312,-38.989975
7.4101825,-105.30393
8.370457,-16.171722
-27.387474,47.41848
-54.824135,27.635334
-48.758137,-36.960007
-36.243286,-49.15429
-67.2108,33.42794
-30.294289,18.650604
46.48644,13.681221
10.293146,-102.943634
-9.799709,-20.835646
61.20826,31.512093
38.590374,-22.175438
-26.80948,-7.843663
23.164164,-20.500664
69.10882,12.219318
-5.400908,-30.46072
17.88368,59.294174
49.627827,27.661907
-67.25788,33.402702
-0.67373514,0.17583004
-72.36543,25.399044
27.422625,48.93314
30.88688,6.866268
11.803712,8.580395
19.422054,-37.56075
-7.7668786,-18.75649
61.771244,4.8251543
45.311817,17.38213
25.1976,9.978881
54.27064,-47.47743
-1.7211131,-36.306435
-57.44634,39.54879
5.64027,12.847761
-37.784008,14.163162
-31.917004,-52.738914
-31.558828,20.516771
49.042072,16.714851
-17.06685,69.532234
35.898743,-10.503847
19.635689,-57.777122
-31.675055,50.940895
49.461372,-39.80817
-59.62634,22.0564
-63.17376,-38.66893
63.760994,-1.7510086
25.754263,40.410744
26.21974,15.511671
51.75997,25.24262
-63.32685,-42.073395
-7.508977,-63.48275
-33.520554,20.119291
-61.692093,-47.726677
-21.586615,30.63959
-38.359325,14.170139
45.948997,-46.961555
46.255527,-33.16105
56.744663,-4.406846
-7.6404862,-64.82511
55.91637,-24.536165
30.153137,26.196177
7.5229,16.917032
-5.1027427,-36.46938
-27.197905,8.661094
25.627686,-27.888657
15.400005,24.034513
-62.951046,-43.283382
15.679153,39.030457
-5.310085,37.208183
65.71094,11.445342
9.002587,28.159452
76.73068,14.531044
-3.0111496,-57.67703
-2.6950371,60.714146
-74.17046,26.483118
-25.003483,30.037132
5.4805083,31.981203
26.496222,39.242195
-15.24302,35.437374
-5.621811,25.905912
-20.301573,1.6073941
55.369617,-21.707767
31.224527,-34.810303
-13.224952,27.472641
47.342285,-37.576046
28.541689,-31.64595
40.2083,67.77931
48.027607,-62.80279
5.0511203,-63.793427
-24.771694,61.467022
-45.813057,-40.04497
66.87271,-2.0906916
-10.289258,68.66105
-23.377699,-19.618893
49.8851,33.744125
-16.160833,-10.096087
-46.274345,11.478782
-73.8509,28.362873
18.812197,53.85264
-23.466845,8.28955
20.387285,8.755958
-35.402657,-45.829315
23.337233,55.075172
15.853586,-53.659588
-19.270657,48.853107
-8.084619,-0.086201966
-41.120075,21.318245
-77.844215,26.010345
51.269894,9.333004
40.24296,-42.05632
50.73888,18.551424
-27.53504,-49.01009
73.711494,9.601643
38.937317,-47.457886
53.668545,64.947945
-2.384967,5.914
-28.536058,-29.94616
-56.63228,27.874666
17.179558,1.1141005
40.5432,-32.679096
-3.5539107,-49.768093
43.749554,65.9158
20.898571,56.5313
44.782448,-40.648582
-3.8498056,-49.985325
-15.074669,-61.079037
22.140179,11.114536
2.9521239,56.506397
-58.136837,-44.63326
-11.655489,14.282044
-34.083736,47.722214
63.207466,0.84036654
34.9111,-66.9799
2.343929,-26.214418
48.451614,-32.2373
-4.3449826,46.956676
-14.831525,-69.14116
-23.052954,53.959248
-44.22046,-37.483524
-7.925153,-13.147088
-41.21617,7.1773357
0.45381683,-33.793644
44.521416,2.4198003
-38.306667,9.7883625
-21.722137,-18.703243
-11.400763,-54.369682
58.819057,-21.352724
2.8760467,50.65589
75.52527,16.53062
37.159935,25.367138
-37.126114,-52.936325
14.845382,18.527006
12.433972,-80.09871
-22.00173,4.1341777
-25.15568,-3.1630063
31.757936,-59.502625
-22.565594,12.225283
4.0638905,54.45271
-54.693275,33.811684
-10.787055,31.940716
64.22962,6.219949
-3.65537,29.536928
-26.280241,-3.4811873
-9.795307,66.9083
-55.33455,-50.528927
-51.882694,-52.58128
-49.763794,-45.791595
49.763943,-34.54539
45.02691,-33.02349
-22.124601,41.961163
-53.48238,-1.6836786
6.1671605,-74.3285
5.8127556,6.1136947
-4.2968864,86.60223
-18.121256,-11.589674
-29.77027,33.151768
38.266224,-38.36333
-57.874714,-23.408026
-42.974133,19.824163
12.59185,56.80976
-4.6388164,-19.02531
-16.126863,-34.012993
-9.715929,-31.883749
10.512694,4.0830445
-47.52624,-9.734631
-40.052788,-14.046542
-33.342216,-60.05621
39.52366,-50.278107
-48.258743,6.8430605
5.9217844,49.176086
16.070488,-3.0288987
31.226648,-7.9696264
-5.2726493,-50.51193
11.633654,-35.60057
-42.962723,16.088844
-26.274567,35.70204
44.417385,54.652985
-10.339379,49.939846
-23.607292,63.247143
-61.562126,44.301434
12.477422,5.277845
39.24885,-50.911335
22.322746,-57.456062
49.37429,34.220325
-28.929129,3.576919
-47.85698,-3.1834917
54.146027,-3.9308202
17.843798,26.98406
-29.498007,64.93441
-23.43051,30.510702
-37.781292,-32.83103
10.561001,35.66072
-45.49279,-19.907444
24.20539,-8.823262
-48.163994,-1.2111412
-23.310795,-35.60683
-40.967484,35.804348
14.893253,-57.44618
-49.957516,-45.50661
45.12678,38.72524
-15.846621,35.254845
22.563742,26.598253
34.428345,2.239329
-48.469723,45.40659
-6.0958924,65.22438
-12.089924,-62.14657
5.299214,-28.845514
-12.93539,20.944635
-55.80439,-29.963291
-57.95531,-45.161976
5.5333385,-64.79643
2.6389768,80.83715
-39.4053,49.686985
15.190826,0.51996225
-55.239967,23.182886
28.024536,37.53892
-34.091663,58.348648
-3.4935179,-19.382895
-52.725044,-43.16965
4.9346323,-40.120224
27.176067,-38.55478
-29.185537,-45.041374
6.757584,-84.39318
26.884995,4.271492
28.084467,37.585674
39.62216,-63.21151
-39.695175,-32.862114
19.073654,-40.76413
-51.263058,13.7556505
6.97209,-75.52396
18.79511,-50.944527
53.735535,28.637114
-19.698221,20.04885
-52.971416,-43.05154
44.958847,8.155452
-53.028557,26.144482
24.504189,39.311188
-40.598614,-1.7460064
-4.23105,-67.2009
2.5840762,-81.73835
53.769325,4.5971313
-14.431789,24.354105
34.909378,-21.814318
9.916295,17.860514
28.873714,-28.327484
-3.5775154,44.382492
22.564106,59.97217
-15.271843,59.023815
-5.1742506,-69.35903
-28.215935,36.919712
31.918783,-54.64411
26.80703,41.896313
-0.28184608,37.54901
45.7922,29.25775
3.6547399,-82.90782
15.964848,-53.066307
5.682305,15.192073
3.9638844,81.24646
-32.77234,-0.28102922
73.44703,-1.5497472
-28.513763,-47.799976
71.041245,16.274261
11.39285,51.74991
46.96573,-46.80818
-27.010506,-21.98372
44.98949,-45.942635
3.1397297,-33.48132
44.219284,-44.692833
16.416405,26.32066
3.4677782,46.903286
-33.19884,51.437
14.311085,-20.488613
-39.483467,-14.1631
47.834625,7.7043815
65.96211,16.630024
-35.204372,10.509847
12.966036,-52.80881
-42.86414,-41.323845
29.070368,23.935665
-13.321348,-52.6675
16.898066,13.375249
-2.2055426,-70.82875
-43.65016,-27.968828
-28.377445,2.6206956
10.825386,42.54907
-9.570255,-24.094385
10.654958,27.900633
-20.625013,-25.51712
53.072178,21.391
20.372574,-61.18396
54.14985,-46.868053
52.458675,-49.51503
-24.472092,-33.95055
59.53784,39.49678
14.874138,-20.514519
4.4532213,-16.88488
-45.473564,-49.564262
2.1850574,-19.087044
36.03045,33.968643
-38.167885,38.930107
61.545017,17.732872
-6.4826107,61.722313
64.72733,26.595346
27.857475,33.992683
-62.328606,33.243423
-39.1994,-14.281431
-11.166063,54.75009
7.6088185,-35.501823
18.742235,-19.631395
-46.753918,19.88039
3.77453,-53.47822
-46.790546,-46.665176
71.449135,9.407575
-24.420105,2.813475
-31.785429,9.971571
-28.290485,3.6173832
-70.74328,25.309036
21.762396,16.018528
14.605125,53.36562
-19.233028,-28.97652
-72.84804,25.741592
38.382214,13.254453
54.53827,33.530296
-2.90695,81.60784
-44.23232,35.799305
-42.958363,-38.652416
-22.149054,-34.850563
34.246292,1.6121926
-23.309736,5.703273
-62.507698,41.83269
49.784607,-51.696064
12.415512,-47.29241
-41.02873,22.648712
63.590714,-1.4979786
-35.608982,-44.855038
17.986988,60.724735
-13.157258,6.982936
8.482547,7.886442
-34.07011,-4.14176
56.023968,22.310003
32.223717,-5.290326
6.356097,-37.834854
4.174655,17.878822
34.180733,-29.624235
-27.026215,9.909956
-11.731603,41.438065
-39.08193,-42.352894
14.15418,-25.054287
-21.587639,69.58445
-52.377293,4.8577757
-3.475563,-2.5909593
-8.5425005,-33.659016
-21.707283,53.589108
10.09013,-30.39745
18.517916,-11.689104
-19.525478,7.6741595
-19.816116,24.95842
19.744324,-48.44433
6.715218,3.8838031
43.584892,74.13818
51.16705,42.92114
29.234982,-69.08934
-59.93882,39.40861
12.151603,25.801886
13.55841,-47.557896
24.407818,-14.348367
41.758545,-31.619745
-59.853455,-53.455906
16.881441,-63.2753
57.091972,14.471576
-32.775536,38.4945
-21.481201,-56.01504
-10.435291,15.952677
34.28977,-39.83168
24.079351,-53.09689
7.8991766,32.97278
-39.08932,4.9491053
27.158998,-57.71785
46.046757,68.8187
11.498765,50.980915
9.835673,31.968893
30.349026,-52.65862
-51.926056,-24.716719
-40.571316,4.092475
-34.809658,59.136562
5.4614954,46.2288
9.861123,56.793224
-38.00163,-33.488647
47.350468,-50.90208
-58.52381,-58.068874
-5.523165,-72.451866
-21.153574,-19.551619
55.178005,-24.998014
-10.181415,69.27656
-42.87648,46.820972
50.08769,3.2316995
-37.97106,12.426868
72.78227,27.583767
-42.974392,10.65928
-66.85312,45.261047
-47.355385,46.723137
-13.485016,-11.993729
-40.275986,28.337502
-46.94894,-10.593676
76.57298,13.754253
12.491561,18.04152
40.347122,16.512573
48.398872,63.965122
37.138924,-37.159008
-80.78191,23.549038
2.2522554,-24.554302
-48.51613,50.02037
46.51308,21.105112
-11.004408,35.935112
7.611502,47.275383
-8.437907,-50.46244
-26.434763,32.141132
25.11773,12.733367
44.989723,-45.21053
-22.683832,12.991337
1.5830553,-84.70041
42.020073,42.302532
-25.680946,-8.978084
-78.661995,27.019882
4.2080417,-26.361425
48.971695,11.531362
-74.34693,33.428616
18.81449,0.24970767
-9.455558,-32.065426
56.953396,47.165695
22.53507,-39.120255
-52.653263,-35.550587
-35.449074,11.106516
-20.235548,36.864925
-21.190273,61.932182
0.6895117,49.60012
24.801268,18.078003
11.885887,47.046337
32.877205,-62.07395
27.16148,-43.497814
68.26957,12.05405
-11.141411,-15.064737
-28.360981,17.314096
55.407436,3.0987263
68.27677,12.091581
-21.748037,-38.53309
47.889904,62.71733
-13.428724,-29.774858
-27.015757,-64.33841
28.077038,-0.4229851
47.053074,36.40793
-34.930573,-12.594165
58.42352,26.58937
-71.710785,24.092407
-51.295006,-7.2495637
45.474606,-35.125507
0.3117606,76.86985
-31.434675,41.640995
16.734713,-20.344553
75.403625,11.007896
26.459393,-44.754204
-78.12084,26.043224
22.033316,16.215181
-47.755142,21.38709
12.972693,53.54303
38.145275,7.762692
20.122389,-17.850435
48.92849,11.795518
-55.40515,33.223957
12.033893,64.80198
60.57384,3.9136755
28.434715,-52.31418
46.39023,-33.680027
-32.5096,-61.327957
4.1038566,78.91443
-32.11484,15.838223
-3.396673,86.58781
48.282066,26.662657
17.347582,17.826475
21.768682,13.800965
23.957169,-53.10096
-53.498756,30.089031
-41.38995,9.65012
27.593893,-70.04033
41.89577,28.487623
-7.88157,18.58356
64.232445,15.982348
4.4100785,-108.29384
39.899055,-66.05962
-34.474777,52.31565
43.970703,22.904997
-67.30966,39.814354
13.271048,-47.419067
-53.792217,28.400583
40.400356,28.51694
-11.445989,74.79566
-35.18129,45.37782
-34.127285,59.11874
-2.7183833,7.291662
-32.65532,11.6684065
18.321272,-1.5161823
-10.287053,-82.53623
-21.0668,-30.697298
2.00919,57.255325
-39.828487,-10.877681
9.381364,-26.92927
-27.92314,61.620667
-5.3351345,79.75673
6.3911386,-7.361542
-39.093906,26.38167
-3.2329974,-58.151993
-60.008858,-42.05937
-28.68886,67.09899
-19.509459,48.9706
66.315285,33.70288
16.004225,2.8744507
-22.76068,69.31482
-37.93168,30.862913
-30.67901,-25.443419
-32.4236,11.111921
-9.041705,63.728172
-0.9733947,4.961104
-31.494967,20.647232
49.18801,-43.96797
29.433466,48.35555
-9.224796,21.946655
2.588343,64.9988
59.258194,-2.684016
4.219966,15.765069
9.73386,-23.897915
-24.719152,-3.0225008
-30.81749,-41.74387
7.9840865,50.353077
45.15406,38.69787
-7.24653,-44.801548
5.6425366,-26.301062
56.313877,6.6946573
-51.450356,-51.332397
64.19266,5.7832947
-53.48631,-25.221842
51.8594,61.78791
-0.73599315,43.537777
-22.033327,-56.254185
-13.362724,23.80197
16.398497,-59.644325
-41.16282,13.027371
52.49496,15.567076
-25.310963,45.17414
-11.589516,-15.827395
5.108471,-83.56322
43.139015,-1.564621
15.966244,50.7277
-8.7289505,-32.066772
-33.931923,27.965965
65.99707,2.8773239
32.417107,-64.96421
29.0103,-38.277416
-52.596825,-0.3570845
-18.085905,-64.66099
-2.4129684,-23.339626
-41.898323,11.02351
-10.5687065,62.531338
6.047599,-67.00997
22.767015,-49.944435
-19.99941,-53.627224
-32.559994,17.039022
-13.290139,-12.823754
66.02646,14.909158
1.5534617,-5.8380814
-7.9431133,-45.975086
-41.672462,47.376114
-18.304071,-60.764397
-26.763529,-25.372602
13.716295,53.02592
-50.40458,-49.895287
-47.579334,-44.589874
60.738438,-17.359282
-61.65491,-31.91855
-19.655624,56.35624
13.645219,-20.49866
-2.3024793,4.213944
16.912525,47.70735
12.047483,-102.93018
41.850895,-51.89163
-38.18936,26.368061
20.93061,-1.2053199
-3.1798458,20.086025
-40.13871,1.2937866
44.528004,72.95721
-20.642462,-13.518967
14.489983,44.78451
-39.60065,41.386353
74.117935,22.005672
-10.7966795,-53.294785
41.96678,68.717636
13.132661,1.8296392
60.463013,43.359955
0.59299284,-68.7316
-45.437286,-61.12228
-16.103241,31.27346
15.862927,10.386639
-1.500844,62.430588
-70.784355,27.241192
40.08817,37.33966
-0.632287,-17.279976
28.999887,-10.781874
-5.9418035,38.636894
0.146472,-82.0637
-55.6128,9.094892
-53.8475,15.401485
-31.2187,-5.8390107
-29.470612,13.368229
-53.61272,-5.3192363
70.05841,19.43379
-32.384388,-51.006622
-53.26638,-3.8819737
43.213833,44.471443
-10.223717,2.3143725
-21.109198,34.71299
13.229398,-34.94911
11.355947,-29.987072
44.260258,61.447918
14.252458,32.888947
-45.24135,23.332659
45.853683,-59.90531
-28.082195,-62.671204
-31.359442,5.612691
-46.22963,-61.411118
-6.763864,-58.827023
-2.6121833,-64.18407
51.19667,35.9068
-5.309839,-82.60175
-7.956034,78.0751
1.8260252,-54.80697
57.093964,0.69017804
-7.977926,21.324125
12.407652,-76.94585
6.6478906,61.895866
29.78877,-56.326633
60.575478,40.25297
-5.6319757,22.85271
-19.398256,2.2544484
-23.134611,-18.995237
44.471798,16.68928
-10.78689,42.705982
-28.36267,-7.0905643
5.891255,-12.400072
19.84058,27.096025
10.21985,-22.485092
-59.919693,-42.540356
3.4992738,-105.457924
32.58749,1.5918641
52.55107,21.883303
-36.09949,-34.107933
8.741331,-59.109413
-19.016779,31.425299
-15.242485,1.152757
30.413305,-16.97141
61.331425,4.3093576
4.215954,-40.37404
60.194923,-22.656578
-64.01095,-44.98912
31.187477,-60.83547
0.17740576,-32.015175
-30.636246,45.95088
-10.680334,-67.21649
7.745534,-23.509212
19.762873,2.8530583
33.187336,-38.86185
-3.1785421,50.477135
11.73821,64.82139
-45.45288,-15.004658
15.6621895,-13.852971
42.65401,-29.738764
-38.934605,-14.331886
5.888181,-66.33618
2.5882366,65.51426
28.518145,-31.293808
-36.814922,60.477314
-1.7808908,1.8419096
-10.962403,-14.43295
55.51371,-0.9340399
-79.0416,27.253437
-38.41558,-27.277187
43.473785,28.621178
-65.79551,19.23227
-10.049366,0.40331236
37.371548,-4.322221
28.303354,-52.31974
-37.506382,-59.11077
51.17822,36.32801
10.762806,-22.92424
-11.244105,49.09284
-9.141048,-52.98474
15.388144,-0.1722807
-42.771183,31.154285
-21.568378,-7.812292
31.280048,0.6474644
-10.206123,46.916447
-9.909097,-1.0687212
-40.804195,6.7509007
65.141556,29.44789
-59.319897,-46.19632
15.8459635,-24.646212
-14.615067,69.93851
-21.505722,-26.024406
50.19222,14.522255
3.817804,1.3252177
-32.91871,1.596457
-68.52582,34.25395
6.832258,-72.63894
3.3155994,-85.573975
-33.226707,38.558952
-42.93449,39.360916
-22.600002,26.592537
-11.140618,-43.266865
4.089358,-11.795524
20.951996,41.26977
-9.089675,2.2242293
-6.4236326,83.65852
55.78112,47.091675
42.992004,-64.23376
-46.199696,37.887444
49.819958,43.203106
60.052837,8.465431
-3.9975152,74.04853
-24.793299,41.57769
4.1957574,51.566864
-29.563168,-32.716187
50.829525,4.236487
-34.02014,28.51615
1.7801329,-32.006016
-21.297386,60.648346
-51.0691,24.756525
-20.660002,-13.567087
-37.575363,-50.862762
23.885668,-8.818228
61.485558,-25.002974
-4.237781,26.413322
-20.124502,46.659435
-43.299732,-41.01344
-49.254677,-6.5295644
51.74369,-0.8198875
-10.300977,-30.461895
-20.41771,-24.349667
-1.5121003,85.9973
35.00758,-8.817108
-50.952454,-41.521503
-45.471813,-61.156986
64.000496,5.6391478
-60.641544,38.87492
-61.432114,-32.72875
13.603059,-20.685875
24.578339,-52.881844
-20.42271,-0.30606005
-66.62741,3.9673219
-34.59918,-41.121494
-21.503916,45.25011
13.566798,21.016668
63.00488,10.110711
-4.352714,-10.435967
34.41599,28.47038
-21.838129,-49.70466
40.11824,4.3635592
-24.628689,36.666004
-51.76166,4.4772635
-19.468643,-35.009636
0.70624244,7.1683474
31.00914,-24.833233
-13.714476,-32.880653
44.421272,69.03835
-47.9336,-21.326164
5.167477,-44.302616
16.464485,36.36041
-58.51326,44.236553
25.306427,37.68884
26.2349,2.8828573
15.360971,-13.516221
22.109594,-39.46348
-5.9457808,78.80346
-24.103079,48.142586
54.037308,9.932643
-5.8785057,-47.454052
3.1852655,16.221212
10.798665,27.906654
-3.7009525,32.444683
16.221725,62.738483
-11.287094,-43.976448
-20.802624,-40.252464
-32.65439,-42.462894
2.967364,-84.05094
6.0550785,-40.415524
-51.415493,33.16946
45.176613,8.288428
-9.013786,12.533845
19.0995,-45.477734
-62.56309,-38.163967
19.041704,9.612209
37.27539,-0.5822969
42.546314,31.452955
-17.54894,-50.946095
34.010693,-50.761497
-4.235704,-65.66753
-24.72906,59.34895
13.530665,19.320461
33.502842,-40.82907
-0.1140205,14.453161
-17.094519,6.2327447
63.360916,14.363911
43.63345,21.792486
-57.208363,-51.8525
-6.9178042,62.94354
1.251613,-85.05458
-43.639587,12.508066
-22.99573,-19.676056
-24.433916,-56.12433
-50.83818,-44.699284
1.4493417,27.187223
-28.736423,-24.874601
-6.033797,-1.6426734
-56.09561,-56.972485
38.395916,-5.364981
27.942192,38.91821
69.10903,27.312065
10.042492,-30.297216
-31.83498,41.837032
-14.885076,37.50785
51.63336,3.675173
-25.191341,40.646484
-30.232641,-10.532477
-30.009064,-32.218086
-22.272469,-65.4068
16.287224,3.407281
-48.714226,-4.3911037
-29.100538,-22.14013
-34.413414,-1.9407325
-52.2729,-49.408554
61.36328,-20.066393
62.031013,-0.40125787
-21.469181,30.132862
-15.727578,-6.127614
-36.731216,-49.800552
35.720814,-3.2509408
-3.676067,-76.45228
13.969453,-6.6019273
-4.076292,62.290916
54.68469,-24.544413
-9.068159,42.715267
22.179722,27.090807
43.352974,37.909405
43.74732,67.27929
18.030987,-60.290627
-25.921677,38.861332
-0.5675032,2.628397
8.690049,29.235798
-5.927084,-9.021661
-53.615776,-17.740244
-34.034733,65.703896
12.071604,-78.52848
41.882607,26.968204
41.689487,61.176277
-31.264065,40.124825
-21.714252,-41.625675
12.169276,34.292755
4.929493,60.544384
-40.018948,31.318684
45.157734,-55.956287
-41.627323,-27.58014
1.7451771,-65.50357
18.744078,-45.69239
-35.365696,52.47596
-38.320248,34.28629
6.744811,-2.0639703
-14.250602,-45.840237
-47.522106,36.088562
-1.3594643,10.9251995
-26.318527,-14.227905
52.66766,59.61463
16.154467,45.38916
-49.845318,-38.884605
-31.925283,10.061008
28.544931,16.26177
-16.769667,-39.73564
-41.677074,-26.95644
-18.56351,11.620806
11.947758,5.1783986
39.14134,5.0054975
8.461267,31.506548
-11.951832,36.840588
-39.311672,-10.6635065
-83.0223,23.379374
-76.31158,28.77586
-12.6135645,58.369686
9.02469,-76.31508
-60.849342,34.958073
4.2176104,-31.471636
60.796658,-17.229576
58.18473,-3.666898
-0.8781064,-44.3002
0.9915739,1.0992765
-35.18767,49.552837
2.6852667,-39.56868
44.363308,-49.793087
42.50584,-44.84111
-6.5172887,-67.7725
72.41823,16.740696
-28.551588,30.905945
40.44846,45.213917
-16.085962,33.708015
3.132438,9.662372
52.597088,67.97973
-49.669746,15.397675
-33.695995,35.920536
18.198929,-56.920242
-45.223595,-15.2178335
-24.443237,34.851254
-58.421795,-40.13615
53.56033,35.697277
-24.586855,-42.3897
42.78961,32.783154
41.423897,0.5418463
29.803919,-68.94629
42.176445,-65.635826
27.114447,2.270664
-30.267902,-3.811101
-42.33792,-5.6040626
-8.880093,50.844864
61.22205,-2.0546043
-66.11378,39.52122
9.017454,-33.714752
20.855087,-54.31898
67.64373,10.535392
7.8783603,-4.5088835
55.89977,34.66253
8.194093,45.82435
35.57077,-37.004772
-72.99596,34.101246
-25.512714,-36.968006
-6.6519504,74.76979
37.06428,-71.23761
-14.269882,55.91095
-81.18191,25.417723
-34.276398,9.942231
47.44109,15.947065
28.139477,-30.566706
-23.279444,-55.317516
52.5793,35.72225
-34.703995,26.902689
-31.860966,-27.55506
-29.757635,41.82041
-36.954647,36.087723
13.842165,13.834741
5.248801,-30.154697
4.4490085,-75.69312
55.849613,22.656904
43.53232,-35.59612
66.22933,-5.244302
26.48791,-39.49156
17.874853,8.385409
45.00756,-46.25662
46.474373,-40.386337
-30.237114,32.702927
-55.56195,-7.955859
-21.41022,-39.13069
-32.119602,41.271664
48.88234,-40.44471
-42.270187,-24.366161
59.933044,8.5334215
2.8455343,-17.932787
-55.07524,-55.903847
38.085155,-65.09143
-34.643513,-55.897472
-65.61072,10.187322
-37.128304,16.109816
41.906773,26.814274
-31.504045,38.057873
17.47638,-57.891373
-73.45431,27.779566
45.085133,17.533726
-8.330055,53.237686
16.551592,9.151573
-25.339745,-23.013453
60.293056,19.733194
-12.374665,24.756042
-27.244331,-4.326018
34.683487,5.9263735
4.540479,-8.448312
-7.794064,-49.71844
44.305042,-2.9187784
13.632597,40.63446
-31.400496,-33.57739
-13.153637,46.138535
3.8107476,-108.37661
-77.602936,28.372877
-57.81503,-48.666603
4.496559,-73.89206
25.639706,25.80076
14.3408785,53.169876
15.301851,-28.491161
-70.11459,29.461418
-41.162712,41.6057
29.368677,-64.756805
-37.398712,-2.184573
18.363604,16.415363
-24.099691,32.03459
62.663383,40.542503
11.520981,-101.64534
53.731316,49.030655
3.9220505,-52.986607
-66.03819,38.247566
23.309542,16.466055
-52.757347,5.0687532
20.218533,-44.405647
4.2582965,-25.13262
48.64247,-31.752966
-22.322662,-38.68102
-25.247154,71.22334
-36.261967,58.336624
59.41332,33.672466
-0.99819905,82.30954
40.521904,3.8261445
3.6701646,-84.77364
46.417492,3.7712831
5.6469526,18.541014
-20.69003,-49.784103
49.460674,66.70778
-11.745975,-12.927085
-38.89608,-3.8480918
61.097755,-4.6012397
-11.817159,57.72099
42.368904,12.332544
-9.2193165,-81.317154
-34.978794,-15.988315
-15.602126,-24.048601
-40.070843,25.019117
60.37248,44.040394
-2.205399,-52.612324
29.892105,22.905401
-8.9178505,-37.979706
-7.262809,-53.9352
-6.7764416,21.275656
57.28339,0.020164706
58.14403,26.248718
-45.357906,17.332777
21.379253,-29.591166
4.03053,-18.931316
19.728071,-50.246685
-8.574636,-49.68174
-63.32135,39.151752
-60.171913,-49.29145
-37.98175,49.33495
-37.325024,29.552156
-10.029618,56.578312
-10.087631,68.321304
19.154577,32.911003
-20.572245,-0.5323585
-11.502295,-16.580776
12.37452,66.37335
61.48082,26.195656
39.23533,-21.216976
-16.792946,-61.267513
-10.789802,32.041973
29.881433,-69.69209
-84.367836,25.720844
-39.219604,41.586845
-29.628147,35.36882
-22.660229,60.242245
65.76636,26.05153
12.338788,26.098263
-7.4667664,79.467606
-17.64368,51.233746
10.601541,42.320427
-67.498184,43.546665
5.969129,7.2705884
21.533585,1.3826241
-21.773666,31.275927
3.1667252,8.302131
47.02095,9.967112
0.7575449,11.890951
43.457466,0.2522403
4.914442,52.951157
-58.474697,-50.02036
19.531645,-44.821064
48.4046,16.464169
0.7981355,-72.301
-47.78598,-34.6347
-27.760122,54.27836
-6.2319636,83.92663
-35.153496,-38.772736
27.153168,-43.299652
-21.54924,-60.75893
-71.082214,27.159985
42.295296,-62.002377
-11.761946,-45.652172
43.109634,73.755585
29.122387,-18.363003
55.302807,8.735633
37.080345,-2.0174918
-40.312057,-31.019085
41.782383,34.62023
22.216467,19.583267
70.87967,27.349627
7.9743567,44.287674
-20.243797,40.718853
-18.497356,-35.366478
3.2131276,82.56133
31.05347,40.95387
-33.12382,3.4778092
-30.008226,-54.94114
-52.76994,-3.5852678
48.75806,-32.44126
54.875988,-23.862125
2.3643394,16.50488
24.50433,-2.8044927
-2.4350379,-42.580738
4.2300453,-74.16093
-50.453686,-50.961277
-25.587614,-9.123152
-3.4304466,32.852665
-73.66111,21.098013
6.2985406,39.86929
-68.04846,30.812588
-63.704742,25.033419
-29.061012,-0.6697892
53.690174,39.679226
-19.866476,2.1648219
-28.55526,1.4492593
-5.290522,62.09937
-50.053898,26.904207
-37.35826,12.737821
-38.472427,61.082603
43.16733,-42.90481
-52.495697,-49.733406
20.198269,-8.427283
42.49953,38.122757
0.050072763,79.15287
23.705795,-57.26533
-36.09509,-6.890939
-42.13379,30.039427
-14.122285,70.08403
-10.047324,17.427761
45.61294,-53.375507
-35.233932,36.676067
-8.125149,-37.737377
-23.283375,-22.531027
54.995182,-5.513154
21.576815,-48.072727
-32.47317,-59.154465
50.71058,2.2368119
3.7954416,-36.25379
-32.388035,-45.126102
24.595612,-49.716446
45.45394,-57.780277
-55.13091,-42.94292
-2.2100556,-84.60854
-42.254227,11.04145
11.600688,25.524366
-15.594634,1.3671308
15.397186,62.15474
-45.16081,46.565292
-8.425949,-26.421665
37.12276,-36.119766
-43.972546,-35.339478
-34.850334,33.466457
6.7883673,-82.579094
-33.872353,-3.495272
-19.34615,59.1386
10.248026,24.314028
51.50388,14.366243
35.776794,-3.3725605
-35.634895,18.883339
-6.947408,81.853935
-3.8171175,-34.28888
-26.128914,-21.2354
-14.924928,0.78011465
-49.13396,-52.271576
4.436615,-23.189941
42.67445,-0.6655063
59.93471,-24.12116
-24.649015,-42.816456
2.969618,82.776344
9.202541,-35.30057
11.323209,-102.998566
-1.013826,31.64737
58.916138,-22.810535
5.363497,21.950058
-24.231,9.049715
2.321866,-23.67499
55.501236,11.727579
-36.05794,-21.383333
-68.756195,22.745249
-41.370438,1.2859828
-50.174026,-36.361454
-37.74701,-3.2328246
-44.018394,-15.158464
-9.327013,-66.68704
-49.14109,-43.83296
-19.416319,12.416691
39.872223,32.55942
23.870584,35.939842
16.028751,9.074675
7.489305,65.52892
56.61142,-0.6113422
-37.93037,-1.7507044
14.181009,-23.438202
-2.999645,83.819275
-29.132294,-0.6248643
7.1916447,-69.77097
64.481705,5.7138286
3.2125857,-65.45873
1.1786743,-75.31274
48.93831,66.6956
-68.18617,45.294643
-30.21949,33.844772
-19.909077,-34.532047
-61.57373,44.38401
-28.859247,44.76197
63.48238,14.294747
15.518165,13.018708
4.3476396,-34.1749
5.301958,17.458261
-36.9376,39.581676
17.112335,48.575584
43.327175,-60.466496
21.677729,-40.28456
13.798703,-47.677727
48.923923,-49.521114
48.851543,32.460823
-11.493871,13.630763
-51.93893,-40.180298
16.942678,44.951706
-3.6754475,29.576004
-1.0243019,65.62924
-6.328153,41.17265
69.12811,35.69651
1.921939,-31.557194
-28.70538,-24.84782
16.798473,47.519638
-73.071785,30.044455
26.273176,13.206899
51.736317,-54.609367
27.378761,31.485483
-47.267895,35.703636
26.567646,50.207157
3.2961104,-22.822294
-3.2144353,-36.350685
51.114304,26.252436
-45.526318,-61.0905
-34.613735,-6.8475766
-38.12032,28.661266
-2.9963286,-76.086205
-24.038555,-18.238781
-44.773544,-36.20636
5.26876,-25.666224
-45.8005,-31.370409
-1.7795159,-7.234259
-11.486404,8.673413
4.2303696,17.237167
38.7539,-40.3854
35.8562,-35.57939
58.623604,14.681371
18.07987,29.038004
26.1646,-45.86567
36.646465,-56.186363
13.259762,5.005645
-69.32462,16.683113
22.799292,49.28593
19.930769,3.1992326
8.914667,60.24302
-49.16611,-29.18685
67.11654,30.661171
19.923515,-62.807514
-10.146147,79.77036
23.103495,20.519896
29.866098,-27.24184
-33.59271,-20.619837
40.984978,-37.120327
-9.130675,-53.88712
0.97140193,50.857994
5.1890025,-28.291039
-51.921154,-24.637493
39.110695,38.999687
-3.0238285,25.140394
-19.666786,34.74112
48.410156,17.023712
47.642437,12.5742655
-13.866314,-49.596603
56.401573,37.516376
51.026203,38.97859
6.5153766,-73.02925
55.86504,7.662251
-15.422015,62.143105
17.507624,-45.87942
-41.8711,-2.0444036
41.542202,-51.468536
19.604372,36.702236
-15.486429,-58.259575
-35.19917,0.21207827
14.947121,-77.39868
26.736822,36.368473
1.9422196,41.45307
19.680088,-50.13853
8.150544,59.683636
43.20859,-1.9956504
-7.9034843,36.14139
55.134502,12.198432
-62.9838,35.043903
5.819292,63.886395
31.640089,-32.532513
-61.2655,37.119736
41.01561,-33.30788
25.301693,-69.44187
-5.615829,23.635363
24.515116,49.497665
49.241673,1.0424203
-6.073561,-48.321945
-6.2783976,7.7077723
-5.357178,37.312687
19.327734,12.876123
21.665451,-57.216953
11.604771,-79.02324
-5.749973,-45.858162
-43.040478,17.680742
-43.173264,39.983658
-12.210723,-30.483566
1.3299687,84.42471
50.707973,13.594737
-10.311935,27.071077
75.677345,7.7756925
62.960354,10.338854
23.865086,-32.738007
12.975733,62.04395
64.272064,29.155859
-40.01854,28.661541
-22.803144,38.492634
8.199627,37.83807
-57.135193,20.282927
30.36498,-2.2023413
-4.190215,-34.25113
-61.125484,-39.624836
14.330483,-30.588427
19.073711,-57.35993
17.056723,-61.093548
-50.445526,22.386927
-48.494347,50.021797
-24.031387,-48.415325
3.317481,79.34023
17.308195,5.3765063
-37.521523,-8.489999
-28.905254,-62.53989
16.405144,34.75132
-31.23869,-48.675964
-33.624672,-61.967476
-22.858738,-11.885068
-35.140827,-0.46309382
39.4722,21.371576
15.018304,-9.303757
-14.654496,-50.86058
30.872402,-55.50654
-59.69131,37.51831
51.40116,-9.525381
-6.743646,-71.168076
-8.7532,-50.71941
41.716568,28.651743
-23.909027,53.66275
-75.24926,26.801123
12.6123495,62.137012
-21.287617,34.449688
47.306065,-2.647507
52.089817,15.150626
-36.610886,-22.352066
-56.27621,12.739547
-36.29403,14.319799
-79.05078,27.687862
-52.84083,16.824617
-15.598618,-54.24947
69.954575,18.386044
-30.56312,54.870567
47.60417,71.43715
48.76838,-46.85511
13.086621,4.3164024
30.740395,-34.980045
15.739118,-41.44656
-29.694439,-46.17079
17.385742,-54.438725
16.27578,43.383278
-42.36487,-35.359665
-8.4759,36.033386
-0.055395935,-63.961502
23.752478,9.640142
-3.1268039,84.384125
-24.56269,0.87738526
-67.606255,35.10886
53.715515,34.7154
-51.197777,-52.575867
44.65965,-51.030922
-70.254326,24.835117
45.109978,37.742184
-45.641144,-34.95287
7.150006,-27.912601
-15.9442005,-10.219278
42.357758,73.64232
-36.039696,-46.315308
-43.25301,36.79916
-18.760124,58.78523
-65.36682,36.92597
15.293251,29.471836
59.824512,29.736547
38.59734,-57.41346
-27.685179,34.915314
35.17674,-51.914963
-57.8401,33.19793
49.181763,10.367677
-41.174614,51.33412
-26.774916,-24.811014
11.359771,-0.07329844
-8.637678,53.24371
-16.335241,-67.39959
43.14954,-62.084454
36.90792,-64.41705
18.745901,37.935085
46.919533,64.040306
-11.247471,-12.443991
40.828327,-69.03592
-13.46985,-48.774105
-36.494553,36.87494
-7.9496937,-81.84771
38.79228,-23.905064
61.78349,12.6370945
22.10339,4.1411996
0.53969187,74.11415
8.62426,-82.62579
-62.049473,-40.646427
47.84003,3.5233634
8.732915,-10.9485855
43.002632,-2.518752
-40.80025,-42.40649
-20.292051,40.909996
-38.868103,46.085274
30.552904,-4.728493
56.958233,3.0018573
-53.85178,-40.12081
51.61556,61.869522
13.79857,-77.01782
-24.247469,-22.267572
-22.356735,-10.714455
2.6715724,28.221039
-9.007518,7.25635
10.0620365,-52.454647
13.097721,21.0915
-27.468082,16.80706
-12.786247,13.937462
8.611268,18.153713
6.834364,-2.703627
9.460812,46.905758
47.64098,-44.204823
22.80112,59.81061
10.026532,33.77442
-23.721365,60.45587
-3.1011236,72.759155
68.244675,4.348278
18.84146,-0.46201912
10.2736,-34.29108
4.942797,-67.86613
-13.131435,-55.266148
36.738796,-57.90385
-49.916264,17.28729
2.5713465,32.97466
9.694679,-37.640812
-0.9523182,13.775495
49.996563,-50.340714
-22.353308,-11.564814
17.24335,-3.4735563
-16.171194,11.628799
-39.3785,-25.98198
-60.81113,-46.163425
0.8057364,-2.8984063
22.995556,45.795082
24.441738,-44.591885
-46.081528,17.842411
22.52031,12.538069
21.117506,53.7568
-73.305,27.962955
-16.61377,68.028114
5.138154,-68.6565
-37.12356,35.015987
67.43122,1.7363886
-45.031895,49.22337
74.16322,12.934563
-59.04432,13.510841
1.1404675,28.63869
-42.902683,-51.33603
57.282562,33.542522
-0.69623137,17.136963
-3.6716979,-55.31025
39.98094,-48.576523
2.725107,50.978466
-50.769325,23.22689
58.040707,14.601944
55.50599,37.06599
12.752418,25.128141
46.26465,21.61885
-38.192837,0.62087667
5.2458906,5.253913
-10.756913,69.015724
-21.90183,-17.754587
57.410614,32.532078
65.633255,11.316064
-38.58516,9.102705
-22.215136,-65.613434
-72.55684,25.5743
10.9318695,35.85367
37.38394,-60.00902
42.16973,-9.256781
57.213467,11.079194
4.4999146,-70.44447
5.811442,45.475143
11.79688,-37.365257
45.70852,33.91033
24.718035,59.23456
64.38953,27.621275
-9.053477,-53.336246
-84.28421,25.653109
-24.424192,6.80549
-33.98765,-8.645715
11.710581,-3.8343692
27.258272,-38.556503
-40.47614,17.643023
-37.248302,34.702744
16.14636,-53.41057
-20.042797,-19.338783
11.045363,-104.98568
-22.041245,58.02553
50.646027,18.532917
58.58309,42.949978
50.440746,-48.724827
-32.739586,-44.21344
-45.073025,10.1673
-16.31027,-33.12631
-46.03627,11.937378
51.56038,-47.273468
45.07336,8.414844
40.48783,-33.392807
43.37208,18.747309
-3.408841,81.126564
-0.39258236,83.68316
-22.119896,-49.662804
-19.154535,5.0066657
1.4697886,-54.543983
39.2169,65.34094
47.09529,-8.39245
-2.4842281,23.679573
-7.4636827,24.195766
36.07514,-62.056587
19.227062,37.067215
35.765263,-10.694991
-62.400906,42.109215
5.5110164,-51.959675
39.452076,-51.873234
-47.417053,-9.269724
-41.19236,44.201267
55.62435,22.381018
-43.57683,-2.883376
48.572365,-46.857635
21.82171,-32.261208
-20.506933,-28.909037
10.431179,-2.5531056
8.366589,50.38441
-59.90774,-42.98362
47.009964,-47.165257
64.508,8.525763
30.640467,-58.71957
-24.189968,2.4228578
-25.738056,-37.438694
-5.7944975,23.683939
15.543672,-57.79986
51.380135,23.187695
-23.729567,-54.014656
-43.184193,6.9514756
-37.121872,-48.1492
17.62797,-38.482124
50.09376,30.738651
18.723259,51.72271
18.114492,41.976738
-45.686337,7.902522
66.62862,17.783117
-25.48642,13.790026
8.89223,4.3653107
-53.080986,21.552116
-10.00852,-21.51911
34.840313,-28.49307
16.235826,-18.877731
-29.318623,11.415404
-17.688595,2.373821
-14.906462,-47.430088
4.549076,-49.399303
13.04585,-60.075573
38.315384,-22.747507
-44.306404,14.723086
23.256948,9.695495
57.355873,16.530155
60.41652,30.05484
-10.436758,-45.786648
0.29425126,-68.874725
9.237757,-32.315655
5.829032,-32.31621
-4.2457857,-18.405653
-14.548846,-21.630737
22.307663,-54.814857
66.234474,-5.0443015
-20.165833,43.5473
-17.95468,-67.65483
-54.432823,23.25871
4.847923,51.47189
-3.004931,-64.09882
40.66277,-16.162123
-25.778229,-30.562033
47.571728,27.181492
65.94148,25.069979
-5.5507665,59.554188
9.435907,-21.814453
52.94167,66.84767
-36.807556,-56.617153
-18.590576,-64.966415
33.2707,-27.349306
-18.540358,12.461597
47.31281,21.520336
-9.180226,12.734085
44.27489,8.610983
-16.750547,-61.94336
8.589845,-26.308342
2.2343605,85.87416
-49.977154,-2.147119
5.7357935e-05,-71.94714
-52.06098,4.5598793
11.050218,-32.702446
71.57586,28.85707
19.050392,-63.663715
-57.908398,-36.073853
15.888879,44.199932
28.632662,38.32682
-40.686127,-33.071613
-41.748768,13.647096
34.40506,-44.938263
1.2544178,-23.215555
33.816288,-45.13078
-29.503506,34.277275
-11.671413,-12.752054
57.90995,11.238789
-48.221264,7.2247167
-6.905688,-71.10919
-68.54394,32.160233
10.475426,-28.10828
-12.413123,32.569588
11.462193,-14.923415
-36.856068,-2.1980162
-37.34685,42.545975
12.50932,54.170536
-37.952614,-27.490494
-8.442755,-48.561172
14.723175,-23.250746
-34.26431,61.201897
-3.5646043,50.75864
-27.060734,11.043646
28.912775,-28.498257
-12.888939,-13.21042
10.230412,-67.061455
33.735634,-45.136402
17.355148,49.75393
35.408146,-67.09896
-47.523132,-19.866154
23.798311,-64.250656
-3.3790946,9.560205
-1.5373043,9.85124
-35.268436,56.459602
3.2335465,64.04198
16.50517,-3.2743735
74.815254,1.146991
1.8232032,62.290737
-54.276867,35.093525
61.516144,17.32853
3.6942747,-107.80781
2.6851113,-65.31212
-8.08944,-30.311354
28.812313,-20.922915
41.816704,69.98659
-17.527134,-51.07628
26.484505,45.094357
-37.19547,31.030481
9.11528,33.460056
-9.991393,-4.2410793
61.418922,26.12668
15.90007,-49.017113
-4.044327,83.42069
45.14137,38.538883
-33.587433,38.964684
5.489953,56.256992
-12.584109,-60.361225
24.210255,11.3089
9.382429,-10.505421
69.947754,18.494883
63.343185,-0.6806293
4.1635413,-108.22621
-75.57748,31.48194
16.87753,-22.62816
-26.919333,9.183527
-21.261406,42.022144
70.615555,10.039838
-3.7874815,85.296326
-17.569408,-17.106064
54.398254,0.8927314
7.225998,24.045256
11.640383,-36.752384
-38.114338,30.692099
-1.13767,52.28128
29.10104,-63.768124
-16.18824,-8.065
-68.34466,26.92498
-34.051826,-8.029606
51.27049,40.12347
60.746468,-24.407948
21.100374,27.02679
-42.98729,-32.653316
1.3049737,78.24332
5.7511272,-69.681595
0.66948915,44.115788
8.974509,22.68888
4.097571,-107.89766
25.18573,-61.717705
1.6890538,-83.630714
-32.333714,-14.163634
61.67824,3.515898
41.85316,-3.3058202
57.571728,20.981037
-1.7047482,-7.306635
44.478386,14.897918
5.5235863,-82.92304
6.6503205,-33.94485
-31.223772,-38.081543
54.146503,30.206842
-22.755024,4.1622343
10.680328,-77.80262
2.9745839,54.036842
26.230848,-39.221764
-61.187397,27.493637
1.4483992,-75.14784
25.038786,-53.917183
55.689293,-4.9771624
45.443474,-36.9047
-7.201177,39.13648
8.036545,5.457866
-1.7971027,15.55461
10.595154,-77.97747
-9.751592,-45.34032
-17.119349,6.5324736
49.295345,2.9035676
-41.067326,-2.089489
-68.31911,32.336105
68.4304,10.733834
-3.5301676,47.727097
-45.675106,35.31071
27.08716,-34.136864
8.601787,-39.08471
-24.069698,-46.588703
1.7271726,-25.060747
-35.41901,8.837346
14.237699,-17.793093
-27.667572,5.08794
36.99065,-22.923418
53.153633,19.594759
-3.475906,47.60576
-4.3592677,-58.636345
7.644212,-103.778534
30.101906,5.6985617
68.60053,30.243774
-14.060789,42.51376
-60.68306,45.46252
-44.89682,43.059532
21.504833,-51.47928
-24.183949,32.043392
25.723839,-35.72467
56.41643,-5.1413264
-15.941834,58.73251
-4.475295,-47.604813
-23.168144,-20.721857
10.544247,-102.74482
39.920277,-58.656796
-37.329945,-52.34612
-35.661816,55.83723
-21.137457,23.305286
-8.012619,26.543207
-28.376947,4.7998495
3.015383,57.071465
16.499899,51.74474
-26.439781,-25.274517
20.615162,0.9362897
-44.973057,25.103006
27.324537,-44.25982
-20.048819,6.6143837
-60.84001,27.103466
-16.64484,-66.47488
33.161335,-39.648067
60.906498,32.351067
51.46694,32.02213
34.530567,-0.35725996
64.55158,41.0248
46.849056,-56.782616
-32.25044,48.209908
-11.673905,13.948845
-22.224888,19.814674
-12.280992,11.276323
-28.969774,1.8295021
-42.41251,14.001338
8.888494,-67.900955
51.88368,69.705315
-5.8266025,-71.09226
38.34913,-30.464787
37.174103,25.374914
-20.943241,60.969723
-13.008612,-12.770073
54.020313,30.607767
15.752806,11.709423
-18.876825,-18.377924
7.5491285,29.386568
15.222685,14.585527
6.7151794,-66.886116
59.972736,0.42735177
-35.551434,-1.0400666
60.70444,16.324097
-16.835518,60.562305
-42.214977,-4.567932
3.371523,-6.5379467
-5.270894,-33.20943
-70.26443,38.5307
-48.456062,23.885647
38.527245,-54.676975
-4.724865,-70.47748
-20.626343,13.985332
-36.659077,1.963879
-46.55217,20.395359
-26.96,15.304728
25.092657,-32.31526
-12.0469055,-30.484035
32.31838,-5.6989865
11.169107,4.768194
3.7894554,-105.83607
-10.514475,-33.94571
29.786266,-64.333694
26.86772,-27.599031
25.53535,16.686232
-71.03871,23.840643
-7.7458982,21.422806
-1.092015,4.622072
-52.564594,-35.361137
-21.569548,-7.689417
-2.2367263,-14.792885
-1.1172793,14.16022
-29.95218,4.1550546
-38.131992,-6.148907
-46.6367,-4.0499396
-19.14647,-54.758823
52.254204,-37.174088
-56.34201,-39.40016
-40.47929,39.575577
-36.031372,19.121826
9.247945,51.574913
-17.056574,34.29786
56.492405,4.312741
50.79219,2.119316
-4.9975767,-26.088707
10.578485,-32.783348
-64.77012,40.688873
-18.828447,-20.272926
-10.591036,73.18113
16.335339,43.12234
44.469482,-60.485962
53.713158,49.088684
-14.035929,11.3659935
-16.745363,26.139595
32.375317,-48.113342
12.30314,-67.42167
-39.715096,40.232944
31.998505,-33.60967
10.15996,30.20118
30.745377,-63.779808
-34.255405,49.254505
-18.76903,-30.935503
57.78275,-20.300955
9.010031,63.323994
44.781834,-61.87807
4.7936625,-42.376995
-62.73801,-44.257854
14.374468,-61.061928
35.31239,-63.873463
-36.63418,16.884418
-27.442778,-58.51811
61.115833,-4.5594177
-46.654984,31.817764
-2.5218358,45.539253
-48.53924,-35.284496
-45.18654,-15.23613
47.07724,-44.953953
-53.553616,-35.99965
-66.52533,35.360348
-10.841627,0.75213724
-28.558891,34.287704
38.509186,14.448623
38.924225,-44.926224
26.36498,41.23797
-51.846783,-41.48314
-31.175293,-5.9249845
-57.896484,-27.380877
-0.74479294,43.1832
-16.28864,33.437794
2.8782847,7.0890007
-0.104892336,80.09241
-51.91752,-41.980297
39.01677,-39.76442
-4.2562857,49.121735
-33.99508,49.420124
45.15943,-39.352676
25.647137,-67.69232
-37.27463,7.8984985
21.584396,-56.57129
27.209743,23.739618
18.190804,-21.491343
21.86694,53.862354
-8.674411,-1.6104835
-10.438795,-43.119778
27.666548,-30.95419
-35.381042,21.766024
-40.37166,-30.748608
57.25762,4.730837
-32.678646,49.911003
-30.16933,8.347321
19.601053,-48.34614
-2.7414992,87.30452
24.187265,-62.5605
-8.673767,42.797718
-7.2213926,47.482944
-1.9484936,-61.42743
51.317295,60.963
64.46931,15.910607
-2.4502568,-43.365723
7.0448556,45.47136
23.221777,-57.607975
10.969077,4.2033854
3.987946,5.3200507
73.20443,7.346116
26.379986,-34.407223
-20.810379,-29.032078
42.372803,-60.045956
-70.05729,31.80172
23.35519,49.16644
23.405512,-10.264856
11.810104,10.550479
-32.450527,15.688462
-4.59583,53.73323
40.448895,-53.7417
10.202244,-16.007559
-42.025604,-49.958527
0.2932871,-75.552284
50.834106,21.568813
28.4449,-58.362453
61.454136,42.53559
-47.402878,-50.008366
25.640335,37.471565
53.951614,16.690834
34.386646,-52.271534
20.82649,-66.30486
3.8932374,81.62621
-40.79233,20.968618
-34.98943,45.19286
-18.025623,-34.00474
52.333115,37.56771
11.853449,40.78238
10.17289,-16.57684
1.0210798,55.587418
17.451717,0.6043719
30.244219,-2.0610983
5.3996453,22.045033
34.35274,28.541721
17.889784,44.25038
-44.068356,37.39236
-24.29923,-64.92672
-28.716822,62.211475
-12.868734,39.225014
65.42113,41.194122
7.1422186,-79.39876
-49.931717,-3.1506922
54.947628,43.189175
20.42161,-5.169245
-17.501036,-30.554934
-33.374287,21.281542
20.812052,-52.8179
-19.789665,25.629946
-52.324852,24.031996
-5.149234,-25.893793
-9.687896,45.075813
67.39389,6.1151657
-19.446733,-69.82004
42.065258,69.44757
14.68716,-13.128666
49.11188,4.8413687
60.580223,40.32249
49.30617,64.89276
-52.36637,1.0804213
-8.749322,-27.388128
17.641197,-2.9643543
11.232096,57.021927
19.569986,-44.11335
-10.124924,-37.667297
27.1753,9.233872
13.282365,-60.846123
-45.049503,-31.983408
26.060492,-35.972115
24.05833,18.779757
-6.041774,-23.294586
51.260666,-47.330166
-28.387772,46.24508
-26.049614,-8.850907
-55.478313,23.148064
17.975977,29.010374
-52.940765,-40.385777
-5.951339,-23.441326
48.60475,10.314956
7.976816,45.39683
-63.92217,24.51994
41.13574,-4.2284827
-13.106823,23.726254
-42.495483,4.6797833
-31.845507,-4.8375783
42.147152,-59.964996
5.89745,-63.96193
70.227684,13.81245
-57.440857,-47.216812
14.76228,29.799192
12.596163,29.584963
1.5967124,12.923186
-3.6433182,-36.6894
6.143162,48.572716
-12.70106,-7.1445565
-2.3772345,-2.736476
-20.975937,69.16536
-37.167297,52.48727
67.387375,25.657904
46.816208,69.58691
9.530571,25.754961
-45.003376,3.5840833
2.6071577,-74.775246
-17.096373,47.01755
22.70783,9.8889265
47.47914,65.665016
-23.873201,-63.196404
-11.528737,70.37509
41.969353,-57.894676
-23.85666,-44.078754
-17.970213,27.638153
9.016893,-51.451157
-26.292355,-60.409824
52.08131,12.889152
-10.844673,44.072254
6.601535,64.42066
18.043036,41.652775
-43.341778,-8.070726
-25.479137,-36.61261
18.127056,54.255856
-27.238253,8.806057
-62.412926,-42.982227
4.871517,-16.543106
19.18586,36.92735
-48.249126,-44.84903
-1.9927768,2.322673
19.499706,-54.255928
0.6379564,20.146917
60.395718,19.37577
0.9105693,-59.426044
55.277195,-44.130775
-25.492556,51.39479
-0.49571276,-86.51601
46.47766,47.12961
53.5473,65.03394
-13.990939,41.30245
-21.513437,43.780647
-0.008998889,-2.2697577
-28.209146,-26.114159
-51.021442,-42.3707
-28.387518,39.11831
-23.285198,6.6419106
15.261833,0.47942698
59.703224,40.847954
0.33814996,-32.725742
-10.886402,44.174458
-20.086,-33.74694
46.23677,72.749
-0.91356343,59.570957
7.6725764,-103.68791
29.027948,-12.703506
-34.64636,59.235287
-37.74993,50.922413
51.67384,-50.142433
-22.27708,-17.65761
28.180845,-69.76018
55.376396,22.104298
-19.788519,6.817211
-24.690664,61.163094
-7.014353,10.933377
9.516942,-34.149307
-46.27274,-59.89216
18.699532,8.524785
-26.663256,-22.402412
0.53869957,-68.58729
12.155366,-101.42647
-54.046436,-4.4997706
-26.97916,-17.4418
-27.775347,-25.786045
19.695969,-50.954334
-1.0098562,-11.468945
-26.743423,-21.417133
16.92143,-1.2064598
-36.610683,-46.35015
-47.601208,21.287558
-51.33246,-9.102445
-26.403772,18.011314
-25.88019,19.281994
64.76734,0.28591153
14.577662,-9.097591
-0.3314043,-71.08433
-5.12187,-23.750755
60.537308,-22.48373
51.26038,-42.41901
3.8879857,-29.018879
13.013763,52.02328
-40.23292,22.452637
66.84096,32.590477
-36.411175,16.34967
41.947563,67.04726
22.085648,31.448257
-44.837997,-42.34206
-14.473163,-37.902298
-7.6971164,-14.336366
-35.792023,-22.171947
-31.584745,-16.083883
-14.199326,-46.072983
-56.19738,-49.284584
-22.847645,53.000523
71.97153,27.904102
-9.868212,-21.044031
62.676517,41.14501
-24.931273,13.784739
51.2727,7.9080334
-6.7987456,-56.45196
5.054753,-85.65989
23.019072,-45.80697
27.343246,-34.05168
4.125016,-17.959894
28.240257,35.427803
62.490574,44.9807
-44.185394,-21.526535
-55.242886,-56.307987
-20.359497,-20.746668
31.456549,-7.773467
-68.36481,17.119907
45.45146,6.811534
-4.5847716,14.698447
40.152107,-0.9630036
-70.57401,41.45748
-26.082138,-39.86235
22.52923,-43.2308
22.977684,50.82114
-22.734228,43.244358
43.216652,-61.428326
-54.69109,24.393463
-37.203773,30.742636
-32.041256,60.85182
-50.51435,7.326051
56.555836,5.040018
42.35832,69.519516
7.1844134,-106.411125
2.020206,-45.38859
0.58746153,-3.4828274
-38.3081,-23.137444
23.69907,24.160091
64.09317,38.061295
34.2577,-24.992714
-20.31085,8.085786
-30.885998,30.745674
3.9414406,-36.286446
26.620514,-30.449907
41.915154,-63.981243
-26.637247,-8.218208
-26.040916,-1.2855662
37.09471,2.6937268
-12.439646,-50.38591
-30.879116,6.25108
-36.295044,-4.826901
4.375895,-0.5127083
-11.417806,-54.27541
-45.959442,-54.471775
64.81445,23.679058
0.13255696,-61.07269
48.45804,23.668072
0.5625853,2.6779823
52.330124,-9.470259
-65.99815,25.294455
36.765114,-2.534745
-66.70179,40.60494
-31.500141,-31.896551
41.064888,44.840233
51.93143,66.50436
-3.6239667,66.73978
12.8911085,-25.231272
51.631092,9.148442
77.01568,8.484814
11.9517565,-76.88686
25.792536,-14.795449
-25.909983,-40.205452
30.37922,-54.3741
46.49918,1.5339243
-25.1297,13.947864
-43.486744,-2.7010994
4.881016,34.280277
66.96933,33.575462
-13.691049,-48.803783
18.024858,63.71418
44.406612,-40.810345
-34.97879,-45.653435
-21.711308,-35.283237
-15.312141,-38.569157
42.78126,16.589054
-25.644117,71.34985
15.639479,-47.154278
2.4485786,64.20239
50.530846,21.740145
-16.697737,-2.409551
-29.143764,12.845121
-30.500313,-40.982563
-19.419313,59.12828
60.74734,1.6190823
-27.653345,-61.12664
-4.9890947,-78.44385
2.6642492,24.472069
25.91125,-59.332203
-24.865122,44.048603
4.147863,-106.71543
69.05513,27.368471
-0.7845027,82.73912
38.661625,-35.18054
2.7613163,48.22236
-29.577642,-0.1807306
-49.479473,30.843847
-59.08356,31.715075
-24.755596,24.790474
38.95835,-37.508286
52.4135,-18.612635
-33.41528,41.792255
21.741224,-67.530716
-9.651272,-61.44793
-13.610523,-27.085402
27.26319,35.884563
-1.1866915,60.11359
18.101852,-37.163834
-0.21236563,85.51108
-29.629131,32.78275
-42.931892,19.59505
8.540165,30.938068
-9.695423,40.52338
-39.632904,-51.119774
0.7364838,21.151276
46.954792,18.502245
19.4131,9.116836
39.66234,-46.968906
-44.077602,-38.864037
55.431858,39.97075
-7.575717,45.185883
-48.065765,41.043755
27.833567,-48.89413
12.707934,24.04046
-39.90479,28.627827
-5.7341228,-57.518597
-12.353288,57.79626
21.009157,-1.3050289
18.458445,-20.97852
-1.9837267,5.467666
-42.98742,-28.250605
-82.504684,23.815474
53.755882,32.501244
-45.169003,-2.2344456
45.187847,38.50555
39.57551,-39.142876
0.12102503,22.426996
-9.801583,2.8887205
-33.846066,14.974392
64.138855,8.06627
-16.018967,34.299717
18.27511,-22.487192
58.35378,9.008258
52.33252,-52.302288
7.5379653,-74.24996
-44.211105,23.539062
48.588665,56.044575
-25.879198,65.45767
36.803703,-68.869484
-33.714317,-2.2783148
-25.337383,71.239975
-12.959652,-50.054417
-24.86695,59.379906
40.0858,71.51861
-25.707096,-22.54404
-72.63212,21.367268
-60.643215,-41.94109
-53.74728,30.334139
44.848988,71.51305
-6.3103466,64.05864
-12.67376,78.17076
-35.679237,41.008427
1.4282734,-78.615074
49.691223,-51.92195
3.3171844,-35.911335
18.565603,23.96516
56.89867,33.44127
61.27136,1.7300825
19.329111,-8.168094
13.863387,-77.1424
-22.631975,9.300195
-50.747368,-39.677826
-2.1950517,8.386941
13.001587,-55.43538
21.371075,-61.763397
16.256594,-29.599455
33.97087,-45.014645
-17.310226,-60.563362
-57.92622,-35.03453
-31.521675,-31.78607
42.640793,31.489296
-30.058784,-13.781222
-67.93871,41.830975
43.239815,-61.4384
6.936403,11.286072
-27.697762,11.363218
54.403324,-18.960793
63.343693,-18.26816
16.309223,-48.384148
65.27166,-0.57409185
2.7165573,30.124949
-61.168938,-43.139957
-25.04412,-30.07785
20.363865,-61.226784
-6.808238,54.9525
32.66065,-13.063013
-21.983908,35.26062
77.46621,13.577757
-13.45474,30.873814
23.09823,8.186192
-32.354733,61.89793
40.607468,3.5268695
3.502475,-26.357563
-12.510708,-56.5889
-24.456072,14.185827
-29.923944,32.90258
6.859411,-78.60738
2.7579963,58.600624
-19.666647,57.628746
-34.213154,-31.313047
-44.87021,46.505383
12.360349,-66.44051
53.19509,18.104195
-8.899119,-63.65261
-26.865093,-22.114508
15.702889,50.662697
60.13535,-15.027719
14.612176,-16.871416
-1.8797945,75.23915
44.338825,69.3261
-1.6549405,-43.71543
66.87591,31.164946
65.71287,-3.8302388
-10.936128,15.593228
-5.9732246,2.7534635
-2.26882,62.608273
40.14934,0.62408674
-61.38768,-32.411667
36.136925,-23.223095
-25.85009,38.957413
6.563368,25.002092
51.992752,64.888565
-55.9917,25.253483
22.689512,-43.17587
14.327863,36.68365
16.26814,29.771412
-47.564835,46.603912
-45.373512,-19.844984
58.610878,20.552744
-37.159138,-7.0220575
-0.23526017,81.03095
1.0504119,-2.836122
-18.544182,33.60249
43.079666,-57.460247
-14.360169,-23.74816
28.42335,23.934439
-39.54943,48.521767
-60.514107,-49.016685
-23.314064,-64.36252
22.511955,-55.409233
-14.264223,13.770177
17.349771,-57.96856
26.052713,-2.2455394
9.72936,19.033339
50.83513,36.348488
37.29391,34.207275
67.95186,0.18991302
-63.730476,33.138775
-2.2579744,34.537045
10.220433,-27.922932
-13.488007,-34.10026
-16.085114,-67.68476
67.24101,25.814852
30.509758,-33.388645
1.1736064,83.90558
-18.760815,32.074364
-39.577023,-5.8478866
5.0370383,-84.5632
-4.548361,54.21665
-60.875072,-42.781746
19.208021,-22.102205
14.307879,53.200233
-0.6526092,24.476723
-2.9723735,-52.879128
60.93994,-17.873913
47.013065,-59.506695
-45.976818,-49.808815
-35.494045,-22.6978
16.022224,36.502193
-30.937965,17.544292
-64.45623,26.210493
-12.172856,22.980778
28.207705,-55.466167
-5.696564,20.10433
47.73428,41.206905
-31.17858,-9.917057
4.524168,-12.206161
11.736432,55.27395
34.11131,-47.73873
-59.03543,-39.96242
-51.430996,-33.331093
3.225297,57.29139
-37.929924,17.689817
47.472813,24.436031
-10.100935,3.0096242
9.538054,8.47217
26.15052,-38.64109
8.255831,59.356197
50.716488,9.468405
68.74575,11.385975
42.041405,69.938835
-42.04369,42.20883
-6.6957164,-6.1031938
-19.905659,7.0524673
-60.12872,31.93874
-40.72891,-1.8957224
32.90187,-1.7746563
-6.49768,50.11663
-24.776014,15.260415
55.044415,29.288284
-32.27161,48.382275
57.942448,3.0816376
-2.5522728,-5.3314023
46.122566,67.360115
-26.09736,56.524933
10.125013,10.307266
14.3372,-18.990818
-17.939157,10.773326
-11.324403,-34.170235
-57.767605,-42.420456
45.204437,38.895702
34.028706,-64.96649
-9.620089,-31.78005
43.63647,1.7452613
-8.25196,30.940584
-3.978599,50.798275
21.71509,10.7814455
4.9657836,-85.80048
47.01589,34.52864
43.52632,18.78195
13.967338,-31.79625
-22.240602,9.073881
-33.462677,8.329748
-10.226822,-37.40823
23.40017,9.620691
20.182219,19.910223
35.230568,10.331677
12.936407,46.86421
-25.237854,-57.971603
3.5247545,57.154144
53.065186,25.93213
-34.133125,58.52392
14.099156,50.216087
-3.052693,-83.974396
68.060005,6.704663
18.221539,-12.783657
-43.085224,17.242517
-39.599945,-49.55752
2.0216339,-79.950195
19.230186,6.628809
-23.050716,50.672493
20.136494,-44.063927
-34.141384,-7.6780844
-8.316527,-79.9787
1.257397,-14.103382
-31.36312,-26.445608
-5.368701,17.217268
27.123014,-35.755474
47.24479,-2.8771596
-19.225426,-34.90069
41.956085,10.957379
42.11708,-23.381004
-45.4076,8.965536
46.01101,-32.702503
21.13015,61.72511
-15.671757,-53.633137
47.246822,66.6206
27.916992,23.78725
7.2206097,-74.168106
7.213295,-69.77762
-82.35616,25.766161
-33.22734,63.59852
51.738964,59.434303
71.58214,28.528502
29.485434,-40.065163
-56.583656,44.255512
-12.763036,17.511335
9.876518,56.84614
42.145874,41.977703
-50.79207,-32.871887
-55.622814,9.136933
-29.717987,22.271759
-21.853771,69.59599
-9.898212,40.786777
28.18555,23.87195
-32.421703,-22.22199
45.9171,9.854547
-26.284248,46.654533
14.164317,22.86175
-8.177777,59.959652
33.903862,-60.047756
67.05889,37.20806
-0.8610984,64.25939
-10.566185,-56.392548
-27.183678,34.50934
12.408293,6.564771
-25.70831,62.246094
55.197292,-44.23772
66.0878,9.773615
-4.5160213,-67.38434
30.967396,-61.333027
-22.677677,-55.64009
-7.523385,-14.1094265
17.683485,60.74075
18.254795,-66.26925
-33.976997,14.810824
-41.00183,51.283203
72.6879,7.9462357
41.518917,61.471046
44.41962,0.19324502
-33.27894,-0.50632995
-17.681786,1.7855098
43.15091,74.394585
60.670395,40.22612
41.791397,61.87334
73.18201,22.560831
46.832664,67.24056
16.060925,29.915693
11.833981,-35.491344
-68.600075,45.675465
-21.484064,60.788166
-8.729209,17.577234
7.3680744,-34.69463
66.92762,30.447786
-9.203132,6.1304193
47.105015,-55.02224
47.284523,39.534515
61.091137,13.118773
32.49758,-64.84158
-55.8312,33.246616
-31.591778,-47.45617
28.683676,25.19777
3.7881749,29.180897
-11.159679,31.37089
3.5609071,-21.547985
-33.196663,-20.436644
-12.820103,-13.144384
-0.20475821,-32.07693
-58.471268,22.597574
-18.923605,-5.363531
27.767862,-6.1382804
-6.5393906,80.88406
-10.854288,-29.129993
61.668755,3.8112996
40.26494,-31.38414
18.41124,54.167027
-37.037014,-51.4696
-27.618206,-4.715333
-36.208412,-48.56226
34.17263,-51.100437
12.945468,62.079292
-48.080982,8.408209
24.983816,-59.948227
1.5279735,-76.816986
57.84274,-19.34438
12.028924,18.294983
7.4713492,47.13112
-6.9279404,-35.485325
7.584711,22.639427
0.59661937,73.6231
-46.926376,-33.089325
1.5184256,84.52286
69.456474,4.155466
-44.844822,-4.035563
1.3730751,41.709034
-29.411064,-55.531593
0.29579225,11.407761
-27.504356,-46.78155
-50.65189,-33.752327
-36.604755,61.36872
-43.269817,-11.77557
33.49547,-4.1869426
54.97968,36.919834
51.6453,23.792812
-16.55128,-67.666306
7.1694613,-37.398376
17.932787,28.016024
-4.278924,-85.211716
39.678078,9.31845
-4.0338726,80.29575
-25.498465,16.794044
63.425087,29.72127
6.9259543,52.79682
6.950697,64.896965
3.952797,-26.178867
-36.919548,-49.28572
32.73361,-62.095097
-44.437874,-6.0419827
9.220709,50.77784
27.0285,31.19824
-45.477684,11.003378
-33.1727,3.3402631
-1.9340547,-61.41972
54.952644,45.41183
44.730095,0.1356851
7.276047,35.16342
48.06195,70.13525
-57.731052,-51.02705
26.094591,34.387657
-23.872183,-57.173164
-25.08785,-55.74628
-50.118046,-1.9753618
-13.167041,7.144549
37.234066,36.232056
-23.81759,-34.924667
36.453575,-57.74021
-0.84371847,65.9584
-27.81043,58.662563
17.284918,45.063465
6.1923046,-31.675444
-34.271717,-0.23358655
-16.007494,-31.963877
-33.850567,48.938477
27.943073,38.915173
-3.7896187,-55.449757
-4.1664796,35.91106
-1.0238564,-79.2065
8.4897375,17.713593
-1.3473544,-74.47388
48.37433,66.44839
13.558765,19.221354
3.2247336,54.963646
7.820613,21.129803
-23.11748,-54.34069
-19.007734,-31.436863
-31.2111,-41.821453
71.495964,7.701322
-29.45357,-9.040423
18.842873,44.470825
-26.58873,-33.686325
2.1685827,78.63161
-26.1231,66.75642
-11.6683445,-30.727602
20.705511,16.029848
19.40275,-64.897316
-49.580597,-40.512753
39.45112,-52.244244
-65.612595,10.194742
-18.723333,-20.412468
-58.299664,17.341528
18.96992,-8.548525
-14.119169,33.182934
15.3682,-59.178185
-5.104911,-56.602657
10.734608,64.399475
59.429142,14.732894
-55.203037,-52.973885
25.201336,-29.090555
-33.194424,-61.412323
53.773216,11.435359
-13.69572,-26.88974
-53.00519,-3.6916769
-11.675538,74.70454
-50.489666,-36.160496
16.104694,36.295403
2.05788,-71.12053
18.61157,-4.032371
-5.953463,-9.039821
-81.77644,24.951693
-38.366108,0.5061515
28.291332,-53.63348
40.24743,-27.153074
44.795513,-60.283356
-37.000557,-49.65214
-30.656134,-46.78946
45.012115,-49.256214
-44.554157,-41.985096
-10.727153,27.429897
-5.8837714,-23.990198
-59.805744,-49.387936
13.269104,42.86685
-24.6619,-13.565022
19.109085,-0.060798272
37.580597,2.9916706
58.443302,15.329354
-36.687508,2.212923
-23.688562,-30.798878
-11.670827,32.918957
15.662028,39.024937
5.5006347,-32.785286
-2.8284235,-65.5421
6.2364893,-3.825605
4.614146,-106.92214
71.58691,11.520786
-11.334094,-57.39485
63.954865,22.303345
-23.754847,47.731304
-51.737957,-50.195023
-25.851278,39.55151
-16.583843,67.78205
58.044895,14.597254
9.798069,24.949299
-13.015545,-22.929539
48.36435,-33.493168
-19.651814,17.95761
-56.79081,43.79104
-34.61818,57.583443
-44.577328,51.58927
12.774431,15.970478
-7.3330116,-26.784021
41.963978,-23.31119
-0.6243098,21.510113
-80.58717,25.655476
11.352923,-35.311207
-1.376205,-18.776794
-1.0440491,-43.392685
-4.2318063,-83.42201
-37.609974,-48.688114
48.042545,67.1151
22.530077,-0.3283909
-26.41996,58.79081
45.637947,-53.36302
-10.047516,-1.0050017
-6.8298807,11.388773
34.70002,-14.742762
68.34653,35.582394
78.84037,9.586344
2.8286922,-18.34173
-13.944521,56.60019
-28.548485,49.99706
60.45576,-0.5176778
3.3712404,-41.042118
57.788013,-13.068524
41.39986,-42.789852
-10.345441,53.217613
41.731594,67.12655
62.675995,3.3935452
-37.233845,50.019207
-8.682597,-60.209606
-11.524778,75.0143
-79.47451,28.121584
58.2237,-17.13847
-8.802407,-74.178925
10.08933,-16.618063
-20.382591,-58.058224
-55.730644,16.801834
-0.72563875,44.496857
26.610973,49.741447
46.448803,-52.3282
0.4516218,62.574177
-29.485764,-42.17525
-11.039702,-64.78662
50.598812,61.59727
25.22722,-32.347378
31.987574,-38.717537
61.040333,27.94425
68.46138,23.409092
20.972235,1.8196433
20.51841,-61.331364
20.855597,-10.988227
4.526555,-32.71224
-56.63494,44.23001
-22.714746,44.391197
-64.922905,37.98506
-17.800442,2.2989814
-25.143936,-58.023712
69.72395,19.211622
33.444206,-49.17443
-25.364998,63.366093
-33.234627,-26.818678
-37.499596,36.1109
58.807995,17.974825
19.405365,-22.809645
17.894855,63.76802
-12.265734,-41.908848
-10.258,63.79473
-35.695633,62.331547
-67.09957,23.979303
20.34051,0.8849896
41.89477,67.731895
56.186783,25.436804
1.8846397,85.683174
-10.251077,33.638992
1.2449012,27.312113
53.339264,36.034718
3.5423257,-106.39019
46.798244,10.196756
8.680403,39.72524
-3.0379786,-79.15008
38.711876,20.59952
-5.3864226,35.893913
18.116714,-46.894672
-38.990467,-8.50781
44.701347,71.4965
25.72302,-32.35968
4.8959107,50.495937
-4.988003,-57.03789
-4.2213206,71.96051
39.4342,-66.17854
-37.74339,54.999546
-16.853807,68.469376
-47.530907,-45.597492
-17.600365,-58.1793
1.3301302,32.366432
17.275743,48.897964
-0.031118445,85.340706
44.415905,-46.50685
49.918285,60.90964
43.59189,42.344044
23.892406,-30.233137
-12.044016,-5.817757
47.006737,2.2347174
-7.2331266,-80.5493
-28.670994,-47.58428
-23.581867,-48.2042
22.0927,54.25111
19.177376,-40.72691
56.251637,43.948685
-16.038359,-23.519495
2.127119,-52.809822
51.78459,6.598572
-8.110394,60.0305
-12.731953,78.95589
-39.58659,-27.075686
41.874657,-36.560326
0.46017447,-32.107407
2.6657743,5.5156417
-4.4654274,-37.710655
-32.899635,57.917
-33.57124,-31.572714
-30.93748,-55.580387
33.712723,-45.16596
50.735188,-3.9567218
38.37694,-60.002304
-4.163025,78.18633
-32.056435,-22.221487
40.18742,71.56382
46.698235,71.09874
-54.706795,38.1984
-38.724552,22.76081
-23.606142,-4.918572
60.820904,1.5647956
35.187263,-19.435131
17.677948,-25.318335
68.13423,27.58406
13.600922,-77.14745
6.498909,-106.8461
-7.3520775,-29.21302
-28.030796,11.029213
-3.518879,5.980393
-53.681973,-5.4246006
-55.928177,33.046677
-30.841167,-1.9498758
29.874325,22.92366
-37.972202,60.297615
-30.253881,-46.14184
-51.129875,43.508858
-33.303818,-55.92403
-31.159935,-31.00036
25.34461,31.193367
18.54052,60.86212
-12.600784,57.536976
-62.737354,37.65045
-39.36487,24.340626
-27.688097,-58.078796
14.283259,-20.92457
5.5499516,41.746582
40.724155,72.21581
-12.700778,78.513054
-36.98619,60.67546
16.181374,21.54282
5.2471786,21.739098
-43.448513,-57.521812
-8.14213,-78.57568
7.9585648,-103.98908
9.526355,-80.78309
-51.6869,-39.824135
8.902192,7.83415
-81.69213,22.814478
26.392076,-58.755142
-27.349432,1.3960671
70.907104,29.841856
-71.935524,30.11633
12.156673,-47.32843
45.64071,74.44514
-18.968359,52.09334
-60.702667,48.470997
-20.033846,5.7201276
-51.740532,-1.407697
49.156677,-49.261677
-42.867996,17.866568
10.204812,-16.278553
18.867607,51.984074
-3.5756094,25.205248
-7.141527,-21.075039
23.360832,-68.77472
-33.202457,41.387627
-28.24169,31.62522
-69.927124,33.562653
0.33087385,-69.94615
-3.7454348,85.491745
-45.523457,-51.004192
-35.198257,25.64116
52.594433,-49.944798
3.928383,5.280154
11.955567,-33.216526
-39.67755,-51.05178
41.043602,-16.08564
18.305439,-5.096566
-4.149216,-85.0856
2.053995,80.39119
-39.986404,-7.4503574
0.84210896,11.767807
47.071953,16.041296
-36.524696,-41.517197
-67.04357,30.046022
4.754273,-107.853455
54.3568,-46.577507
9.290864,-104.04831
34.622963,22.720427
-4.524157,36.073303
26.561934,54.667015
-27.081442,2.8820872
7.76278,70.70757
-16.563244,48.28629
68.155304,11.708263
39.32166,21.717741
-55.971573,-43.292
3.8709133,6.283471
-48.94966,-4.881754
-22.403381,-52.77371
41.698215,37.036404
26.960573,-20.803526
-10.377897,72.29088
60.18442,-34.130833
-8.421142,-33.693317
-14.076261,57.198036
-0.35329205,5.108969
-42.88223,47.420258
-33.245667,-4.533947
45.549038,30.837257
5.773377,-3.7797327
41.7985,67.10962
25.592999,56.50138
11.214413,4.9432406
-39.897076,45.309563
43.540253,28.75691
-46.619247,-44.09948
-21.440233,27.72633
1.4135963,-59.81798
-27.507072,10.351334
54.017357,9.863
13.072435,43.827072
2.6076326,-14.995716
-8.091517,-0.23773676
45.118343,-55.030674
13.827335,-25.341568
-72.83199,25.5881
12.32125,28.29918
67.961426,23.290192
-21.14046,-57.222946
60.603344,4.075921
25.195326,16.44612
22.197697,23.179571
62.999775,44.69943
45.72023,-57.65035
40.472916,3.9363399
3.984973,-19.84684
49.260723,34.64987
-45.88024,-39.978527
36.659492,-47.016815
-33.406994,66.63517
-2.5241532,3.068529
-20.032751,6.595462
-17.089125,17.679317
-6.958215,28.532879
-30.877935,-65.437805
-22.297705,-52.306633
17.854553,-4.0787787
-81.01719,23.878923
-45.308865,-13.805652
-31.7861,-28.118807
-6.459977,-0.057371866
-11.445311,-15.667821
-24.547459,45.4565
17.78439,1.959867
15.129549,-48.0703
14.296405,-29.974855
17.630249,14.039117
-28.393095,-26.490734
-48.985664,3.0116794
39.53765,-50.160835
26.629435,-2.8654861
15.933815,-5.835664
71.59951,17.147343
-2.40499,-76.44019
52.086193,12.354781
-36.13692,17.257347
-21.983974,71.675415
-53.39749,26.75621
-5.402178,83.8831
-50.311306,-34.116943
-49.296036,-30.71521
-14.350326,24.132847
-13.498517,-62.52235
-28.74559,-32.730648
-8.060334,53.152897
31.693104,-33.426125
44.264282,68.97846
4.880879,19.544622
3.9033613,-105.67179
-22.612024,-1.9125031
8.799527,31.868639
60.95468,29.058992
-58.98195,22.366768
-31.598377,-21.12728
-21.115368,5.3769
43.26683,-32.880833
-10.815693,-36.339317
-19.76078,36.869995
-32.5699,-20.946074
17.75785,37.26493
-11.486878,63.34044
-23.270502,-35.586937
-32.05872,-47.135864
-56.832775,29.45592
-40.449177,4.1188383
18.166283,0.223159
-24.34675,-33.46177
0.47010022,-38.64342
59.60652,29.651014
66.6451,9.781205
1.1294509,35.704453
48.22805,-42.974316
15.170419,-58.45402
8.595432,-5.0412707
25.974352,9.478953
35.302223,-59.244175
67.495,15.667853
-21.55084,62.707314
-32.034203,65.358574
59.905533,47.581696
-24.30766,2.626297
-6.859448,-45.22895
44.434357,68.93377
58.36213,-1.5901103
1.3046607,-37.216652
-8.391804,-82.060265
12.765412,-36.168415
3.2694128,9.285966
-27.912092,48.74875
-27.676207,2.044907
-46.87421,41.353325
15.562241,-31.674318
-22.637472,48.161015
51.993217,-18.978601
60.070763,-14.86282
48.97038,43.150845
-58.538563,-38.763466
-69.29234,36.00958
-38.210697,38.328712
-16.510124,50.341312
53.447052,22.969309
57.342358,-15.38303
51.713226,-38.751537
65.97094,-2.9739854
-9.887271,14.004114
-35.12935,-23.495451
-58.78852,37.30819
-37.959038,-41.848785
5.51705,-75.50076
40.171764,33.27061
51.146282,63.414547
-33.682476,-5.751819
-6.874463,38.76317
-26.071178,17.717955
-43.45021,-11.685486
54.282345,36.4516
-36.167435,41.230503
22.472109,47.43288
25.291634,40.807316
3.0861657,-27.153017
-20.503565,13.990392
24.778057,-36.73386
-14.558055,8.343645
18.889341,-65.589966
49.50814,20.246183
1.6179528,-10.267788
-59.455677,2.9027357
9.4417515,34.618492
-7.0979543,-63.01203
-60.026417,22.86422
-28.706339,-55.082943
1.9537424,24.621447
-45.68678,23.70422
-14.8209,-59.42012
1.8708643,-60.297928
47.909615,-41.80805
1.4319942,84.49014
21.81291,4.05249
-8.220123,-74.42391
39.39744,21.435751
-21.755241,-37.3512
21.353567,-34.971397
-45.016434,22.722359
-40.78049,25.823645
-40.879433,4.5442677
9.739625,15.953801
-0.064988956,33.590073
39.642353,21.277239
-12.729716,39.089275
9.128674,-33.450474
-47.42126,45.727577
-28.006443,-2.5306928
35.501404,-22.304863
-43.411114,-4.686603
-67.0382,43.088417
7.0383544,60.51717
22.227215,37.55097
41.72011,-43.314976
14.616791,60.460743
31.24263,2.3649728
-42.37461,-35.37681
31.719221,-12.399397
-56.957874,-55.712685
0.3474669,-5.285912
36.896866,-68.50704
-47.77371,-21.181358
-30.601383,-59.552097
-79.01006,29.47386
27.81982,-58.527405
-32.274105,-21.826374
5.0190353,50.24857
-15.405259,28.79948
-51.284153,-1.1047524
27.002172,-58.17349
-5.4867997,-30.581406
56.50705,-6.537226
74.04383,15.505822
-32.359287,34.791946
-3.529324,-4.842414
-11.780835,-43.73955
-44.28133,38.76319
30.038721,-55.45825
-47.22674,35.86548
-37.12842,-49.20641
12.589177,21.3925
22.984016,-20.339432
-7.967688,-59.101627
-47.392086,-3.679471
-57.938824,-57.67443
32.406662,-61.909317
10.182116,-75.380135
39.101933,-66.6493
46.89608,21.89556
-55.375782,-56.494194
40.805958,-27.988253
22.846731,42.377796
-11.340505,-15.262328
51.864998,-19.111393
2.0070992,42.34123
-9.032098,59.38688
23.720894,6.853848
-62.892384,-41.429176
30.33184,-48.254566
35.303955,-52.86739
-3.017699,-73.35993
-12.126557,77.21098
-30.974367,-57.785717
3.0661426,62.79664
-30.05678,22.891056
6.085616,-38.099415
36.20582,-52.577007
9.986153,55.22016
49.285656,1.7320197
41.915874,-31.352663
43.031387,-64.46265
58.443996,36.473446
42.706177,-45.126278
5.463172,24.826796
12.965047,24.853518
-41.817825,-50.6598
4.6750107,-75.264854
33.797703,-65.89353
-17.893404,-60.79968
6.190744,-40.74246
-12.559957,-59.832478
26.663412,-35.79605
76.78348,14.329266
45.95335,13.681764
44.981583,73.23953
-33.494884,6.6230006
-45.654873,-21.206654
-15.5491905,-53.484917
14.008999,41.78558
2.049161,-22.266663
24.280113,-48.660084
-35.281067,-61.817635
24.480413,13.307551
19.754164,19.902187
63.357006,42.52284
-1.0447403,-44.430225
-62.82617,-47.17911
15.510137,47.356434
-7.3705873,31.69889
-27.017935,6.2867603
21.719053,-48.97168
-33.582947,48.173
2.1794038,45.23582
-31.72826,-46.221424
21.524778,-11.170188
4.0493546,-33.012558
30.981117,-60.367413
-38.162647,38.397957
50.16338,-33.927544
52.764797,14.050514
-4.1121206,64.67114
-27.32118,54.462822
41.699116,-44.06814
-31.198574,12.27736
25.66229,43.89943
-6.97818,15.588609
-19.760418,20.629335
41.633686,35.354588
9.70493,21.556183
12.098087,10.319401
51.693687,64.27754
2.90057,-107.53718
-18.907513,36.25574
-55.775967,14.843028
75.977425,18.714176
-41.736393,-23.552315
47.098274,70.28888
27.827044,36.288315
-35.499664,-14.286412
-24.029408,36.52542
-14.812502,38.68451
-4.160675,-55.055504
14.033854,-31.615326
70.26058,25.702755
66.77754,33.890038
8.70134,-43.82316
38.4475,-23.14929
19.33935,30.950918
8.2705555,-65.645935
24.915943,27.131659
53.14394,22.228539
-32.223145,5.5118213
-3.3059185,-1.7347703
-24.264536,-43.46534
67.15191,35.236683
5.302279,27.660908
-53.156437,-43.55179
-4.9399295,-78.44091
-75.98883,25.30125
-1.8656002,-14.895351
28.525913,-31.42057
13.853611,11.5417185
-44.6403,-42.427452
50.10994,69.68151
1.990536,-32.787075
-10.3963,53.199886
7.8045516,-84.40045
-19.908426,-2.5393245
46.86561,38.793915
55.048347,-49.512833
-62.82865,24.65943
4.532632,-36.29228
-7.8042607,-80.81023
45.811157,67.3786
-20.299292,-60.14772
47.63635,71.39688
-20.825708,37.06897
10.044639,-39.638367
27.54355,-55.700207
56.88929,34.8157
-37.89788,44.25976
17.124409,-62.545822
46.72357,18.342672
55.098915,34.854168
57.28475,-4.8632417
3.1544251,-55.67815
-57.959774,-39.966393
-71.36344,30.040077
45.183525,7.8465633
55.9789,-23.81227
-1.8799632,-23.310766
-25.026985,-36.834133
-49.137783,-42.388783
-44.672997,-49.866467
-14.948372,-64.67546
-59.315304,20.758825
32.3888,-0.84044254
-54.15396,-0.6946136
-40.880096,35.710506
-34.649113,33.691124
-2.8573298,-35.77036
0.27651757,-27.837894
42.799408,72.190315
-38.567352,9.100897
19.630163,-10.448992
8.785409,29.234755
-54.482986,22.637125
-36.32912,61.176533
46.68055,18.498005
-26.916227,-25.60772
38.504692,-34.952007
-45.470646,16.834951
-13.118447,-31.11183
35.13129,-63.71911
-51.15118,7.1692567
53.34746,25.808496
-33.032387,21.67943
24.011778,-47.687687
-15.555535,-61.242188
41.006935,-69.20763
-57.114056,8.794654
-49.941692,10.2670145
43.691032,57.42464
46.893425,17.49832
64.55709,27.200253
25.792484,-32.406776
-50.68865,10.906621
-44.646194,-22.140705
-12.6494875,6.248804
-47.056564,45.433258
57.819996,-21.017035
-6.0442886,84.148445
-18.251064,63.71161
-54.752026,-44.42413
-0.038215555,33.877747
18.868624,37.105392
16.467087,62.395718
22.514128,33.300148
-67.77896,37.146782
-27.27511,-49.291737
-35.665333,-1.116922
-42.52289,-30.651333
-8.139416,55.110363
-41.894066,2.6755838
4.5735607,53.252167
-53.651947,-37.41041
5.3134456,-73.31612
25.869976,-1.9303085
-70.017845,17.004208
26.734274,-31.567703
-14.86178,-26.341568
21.740232,20.791801
-13.478189,-12.680702
46.35031,-40.467083
-53.715015,-47.527653
2.1565747,-45.450054
-3.5544193,-32.74309
-6.771858,21.69658
20.355654,11.56691
14.453781,-1.0895336
-12.836166,-31.492598
-10.127619,-74.11654
56.02333,25.414436
0.31632575,38.82716
-39.605347,50.093204
31.04323,-2.9618056
50.089027,27.96151
13.05407,-60.394665
-4.1283717,-41.374123
48.096085,4.4748616
-0.5294226,-24.050505
7.3113294,-21.429142
5.3488755,4.531568
-10.745388,-11.784242
24.065557,-36.811203
33.39842,-70.281944
2.8728247,-107.07836
-38.093098,-1.6537365
-29.740713,-55.363743
22.78685,42.278244
19.916962,27.411207
33.05048,-56.932693
15.886711,-34.575058
-30.208199,-3.8183827
47.928703,-62.154675
56.224033,-23.844587
41.126934,-54.117485
62.66771,41.521736
-9.73806,9.948794
-41.75002,45.736423
-6.0069776,-65.04655
46.070427,63.527493
-56.86908,27.383978
-16.083096,34.285007
22.271812,53.524796
-40.52643,17.586786
48.130985,-47.38191
70.853516,26.174732
-38.554977,57.64523
24.265934,39.252552
-27.701872,-4.534925
-4.101645,-37.933224
-45.671677,11.329926
12.23178,19.926943
-11.974426,6.211441
-27.337152,-47.693077
-27.486761,-32.82941
-24.577131,10.590088
39.25255,6.6438117
4.7351418,13.149419
44.607594,-28.047132
51.2082,-35.878445
3.3226388,18.319128
12.0188675,49.368275
30.854101,-24.616064
-9.769456,36.09414
-29.232224,-42.58353
-74.78438,27.869513
10.269842,-5.657021
-5.6554317,4.096059
74.818405,10.25537
16.348373,35.244965
-59.89169,-39.115585
-28.915586,-52.21826
-48.30452,-49.09089
-11.174342,14.081369
46.75775,15.5840435
-25.61969,48.701103
22.0859,31.654924
-4.3179784,47.002052
2.6486511,81.888145
-53.31266,-35.636635
58.808727,17.850828
9.619614,-73.60891
-53.57604,-4.255179
-8.416787,-64.59929
2.304745,57.356125
5.777737,59.18013
7.0159755,42.788296
-52.46591,-9.736743
7.55693,-34.83868
-24.823479,15.515077
50.015602,63.982967
53.646782,39.93599
-1.0617145,81.14585
-5.4570675,69.20914
-17.265692,17.353912
20.87497,-64.47249
-50.683075,1.6950573
-16.315523,-27.081596
11.227729,14.571472
-54.942795,25.254704
24.369623,-29.48918
-36.051266,20.118982
-54.590244,-50.116486
-26.222136,46.308456
-5.9317455,25.714388
-5.0152907,1.8526556
-3.7846162,73.75735
-68.2278,19.645988
0.26487005,5.4479547
-32.727806,58.331245
-29.977804,-13.583781
55.172962,-22.96651
-18.047674,-58.001892
-22.423819,19.14192
-37.48756,-8.929006
28.829012,-8.896479
-47.76531,-16.353834
29.867548,-67.02733
59.91746,8.009029
-12.872415,-3.2188945
58.696056,-19.42102
-28.746809,62.120956
35.656857,-58.80933
22.631645,-56.784683
-79.77259,27.001402
47.90023,65.350716
-26.05594,-20.010681
-17.990368,64.28438
-29.553177,-45.794266
40.300182,-60.498245
-34.11325,-28.364393
10.844486,6.4202886
-27.331146,59.670086
0.6853758,30.191961
24.18526,-6.0215697
-17.473759,8.161751
16.078342,-22.815723
3.920041,-106.80605
41.811577,-47.236774
-12.810529,-55.97346
65.59547,41.29971
-27.980434,64.20027
-23.249853,-63.71831
0.06811031,-11.503299
25.98528,-14.854447
-25.688301,-56.01473
40.24783,-46.200195
-18.281954,-56.773624
-16.994837,60.722984
-21.335905,-64.4015
-22.301153,52.600426
-75.20978,34.35221
58.234756,-17.218376
45.581448,11.6991005
49.47192,64.60788
-15.582789,4.241499
-52.50618,-38.195194
-37.072918,1.9208775
39.806778,-9.651293
16.598488,-20.027782
-12.660017,-22.841232
-21.93771,33.926365
5.1034274,37.042103
2.890103,7.436324
57.501495,20.323694
-24.84149,-23.91125
4.0659027,60.752453
9.819921,-80.87578
31.996552,-69.58614
52.17495,-50.98795
-13.91983,-26.529554
46.77675,3.6744764
-36.103714,-56.286922
-35.577717,17.316967
-29.332258,-23.383863
23.554594,-68.62767
-50.75983,-32.721184
-21.62907,-60.65561
-27.743965,5.0287786
-19.748451,-15.335615
27.260117,16.702253
-33.913616,5.913224
-32.979424,14.290777
23.50573,44.8032
22.03812,-12.3093815
-4.3155613,-59.37821
-65.21986,34.374226
17.320786,-47.91946
-22.909653,43.298435
19.675266,-62.963367
27.593683,-44.22788
-6.6505632,-39.80419
1.6586914,21.132957
67.864914,19.108545
-20.664705,-18.523207
-48.956104,-38.528946
36.749344,-45.76308
-4.3070636,-18.590094
41.82869,-66.32036
-3.0218754,-34.975773
5.501937,24.915974
-17.025719,29.187044
-37.834484,11.3122225
31.514578,-12.29108
35.065197,-37.64151
52.43504,-33.906597
30.17323,5.333094
-19.84774,-2.7374194
12.064247,-102.93221
-11.193194,-14.492443
70.6698,16.323952
-27.815199,-46.818424
-75.93781,27.463593
-11.116084,15.928772
-28.15594,-54.121624
6.101375,47.89156
-11.652038,-34.27656
-26.408258,-24.421938
-24.066471,9.079566
-23.337524,-15.985879
39.90404,69.109276
-7.131933,-59.66992
-18.883036,59.264965
-26.347996,18.831804
42.871067,-30.550058
32.309547,-5.941038
61.057922,33.410442
42.7096,72.54899
47.701725,5.2640996
18.51097,-9.080475
11.625724,-102.996765
20.345001,-26.251425
-25.420124,-57.57637
-15.872131,-27.06673
-39.18218,-37.037872
-63.943867,-43.17969
52.28976,3.4380426
78.68684,7.458467
-33.97999,62.14914
-22.970425,41.557194
19.49131,-7.547645
-30.216589,-64.56432
-32.61116,45.83487
-0.63873035,78.717964
-12.915919,46.222065
-27.182667,6.194205
11.696136,34.598175
-30.585255,59.45709
15.810601,-13.956321
26.202682,-34.249554
20.554155,-4.930807
-45.27187,-53.531948
-33.06266,21.528177
-49.168793,-39.471264
59.589207,39.806374
-61.14096,27.312534
38.318283,-35.00556
-16.993979,60.309807
-63.315804,22.861008
-24.949715,-29.657303
70.625336,33.403076
-19.517157,36.635036
48.885254,-33.783962
46.46329,-43.570602
-32.3168,53.38602
23.97533,-55.912064
19.556318,28.021896
37.340256,-0.4149094
-17.853035,64.575935
-14.981124,-66.338554
-38.461575,57.784416
-32.897095,59.658836
-34.38037,-3.7423954
41.505394,-47.00637
-58.804703,-32.99839
9.57178,-16.966974
17.20279,14.304583
-30.995287,-56.287075
6.208507,51.314568
67.69652,38.49673
3.9816527,32.945446
-76.65873,24.26583
41.00527,-45.30665
4.5078416,-108.699844
2.8102832,-38.573017
66.289406,22.254896
2.8928604,26.329334
-57.206055,-50.711178
-61.20948,41.87582
-9.145521,47.780674
21.914688,10.955905
9.806835,-39.56235
-25.948841,33.32199
12.199953,21.562681
0.7756546,38.64569
7.6361365,-31.19394
30.140858,-44.13019
46.995426,12.958955
23.820915,49.735897
-13.810294,17.435663
47.893738,5.179693
-63.328465,44.54819
-4.8940997,50.398582
6.7242284,-23.500568
-18.954638,0.29730126
20.182915,-5.7662506
-59.018074,13.447621
62.2661,24.925163
12.878024,6.0062385
-23.32087,-19.800444
-23.721899,-22.606392
-55.88052,-30.260387
-58.014793,-48.238815
-33.01144,55.477703
-65.14534,39.164402
-6.7513266,21.703365
-58.207287,-38.42998
53.193554,66.58386
-26.99002,-56.634605
28.0758,22.053156
-39.76207,32.514797
13.584732,36.743793
-48.486034,-41.716507
60.38708,-0.70393795
-10.843401,-0.58002126
-34.09538,-45.916573
8.678701,59.984516
-32.078285,37.740932
-12.476694,57.966187
-8.993562,-81.233894
26.688522,-51.63633
-56.750988,-47.547676
-22.213125,-12.6580105
44.995705,32.580097
40.09911,67.84503
8.7413225,18.046896
-35.726585,10.322361
-44.587112,1.9925096
-72.158226,30.442513
-46.35314,-48.057243
-54.95693,33.667324
12.887655,-55.843517
9.949446,3.222117
-35.224995,-23.484325
22.924402,-3.3595667
-4.5999336,78.04411
36.342384,-52.787884
-44.10942,37.026123
17.123447,-17.320467
-27.552418,58.12177
-36.47328,-42.44752
-26.98605,8.8644285
9.376885,8.416429
-0.5293104,-83.92166
-27.351585,-9.277295
32.858463,-26.84222
3.7006786,-40.82042
-22.768814,38.331882
-7.667665,-81.785904
-38.374416,12.144276
-46.32279,-3.9971228
-26.257011,-6.9298134
-1.3042753,61.60012
35.18164,-51.871357
-52.638065,16.804028
-11.683914,8.853528
-13.558301,-32.966568
16.63778,43.117344
-12.0531025,-0.809501
-31.4279,17.240988
33.71463,-70.35029
2.3829904,-74.13054
-37.4397,55.211586
-83.34838,22.56072
-51.261616,13.625051
12.701661,47.77489
5.4915776,62.131737
-27.14221,53.507816
49.718727,62.591335
51.9994,64.22939
5.5636683,-65.974045
2.3294466,-55.159687
3.53167,66.05076
-38.642063,-42.45421
-28.83717,65.29341
-5.9915075,-71.18224
28.717503,36.750587
6.445929,18.623735
18.244135,-0.01370984
-19.944622,58.04976
-14.876497,-57.089752
22.374054,37.254574
5.289409,-0.8415758
27.712086,-34.653122
21.75978,-40.045757
-9.379543,-13.701641
-39.50836,38.600594
45.880936,-49.63666
-19.14922,1.7968289
-24.998814,-20.810823
53.01995,16.634794
22.239794,-20.395535
41.818184,-66.11587
-13.047956,-58.628956
-36.171158,-40.824635
-74.83576,26.66198
44.957573,17.575994
-0.5681303,82.1356
32.451275,-4.807828
14.442897,44.94779
-21.69265,48.16782
18.122803,-31.852163
32.978348,-61.282475
-2.2530088,57.333935
-24.718813,17.658373
-9.617619,38.666206
41.05945,-61.61977
-7.2909293,47.484825
18.086926,-41.711227
41.865475,-51.075226
37.108902,-64.7273
-42.18453,11.126175
-33.12033,-60.232243
-61.5451,-32.008205
-35.876713,6.3995547
40.96284,-56.948902
-11.428321,33.167805
45.609135,29.817192
57.02998,49.398643
-4.041079,49.07626
-12.490314,17.628922
-25.096085,24.8764
47.134285,21.52717
24.9492,27.248857
30.347414,-32.190212
42.188744,14.306995
20.072424,-50.99822
-33.837605,-4.961152
48.970825,1.6714472
7.2214193,57.588055
-54.692017,-46.707027
-37.32755,7.828473
-43.41797,-40.777966
-12.494852,41.350655
-4.0921044,86.28989
-39.21895,13.707738
49.24263,-43.969822
46.554707,-8.044589
2.8340056,17.62158
26.342588,30.927328
66.03004,2.871749
55.075756,-22.48804
-63.703777,25.796852
33.77813,-48.268734
4.3636723,-105.54828
-3.0996602,-63.858143
4.0387435,59.757324
-26.814344,2.9991782
45.620113,74.331245
32.471107,-41.68745
48.696888,16.309032
78.10998,13.248929
4.0505667,-107.8235
23.251694,-57.796257
-7.494991,-31.436079
21.16557,39.175365
-18.928228,-17.545761
-35.90553,36.079002
15.73208,-41.465782
-5.245499,35.87669
-15.940611,4.367833
3.3059218,15.356198
-40.16653,-18.051281
-45.621784,-40.24623
19.451416,-7.170626
-2.898874,72.87766
-48.071617,-44.483963
11.721469,-37.114628
-31.118141,-34.05295
-27.513163,35.001743
-14.569622,4.8868823
6.156869,-69.64055
-5.8169184,-78.31435
-2.5917788,34.73181
24.547924,-49.78507
3.2851057,29.062626
8.842647,17.977552
49.736862,-36.931065
-5.5637846,-81.92683
-45.11578,-15.464733
17.138124,-59.23781
8.489775,-77.61
-29.454361,-48.651344
-53.51403,-25.195755
16.707268,-47.338142
41.677113,7.6935387
21.208628,-0.7758097
35.600716,-37.068707
-34.600258,66.269875
-67.41283,5.601747
4.225725,-105.89643
40.688828,38.889446
61.166683,13.348675
11.476417,3.4878004
-61.220406,-46.950306
-16.718426,16.7074
-33.862553,38.142822
51.944115,35.712864
1.0244796,3.6264114
-29.111994,-41.7564
-8.16116,3.9360297
-1.6079385,-74.61538
-54.004192,-47.02808
-4.6156735,30.592794
5.6721396,13.616163
-11.127303,3.0727894
55.060867,8.756388
-9.587403,0.11356674
-25.315714,-59.340378
-31.300323,-19.472248
-32.98942,-43.115044
-13.443995,-11.879591
43.40469,60.649754
67.73653,0.49774545
-33.98409,-44.765026
26.691393,-16.558168
15.025561,-62.05602
9.787975,-67.37281
5.6150436,51.4246
-4.301145,-36.717224
-2.0270593,-69.57883
43.759052,-48.667694
9.200522,-23.92078
23.154123,-53.546116
7.2743077,-84.4013
49.846794,-46.039932
-27.511175,17.20653
-37.501656,59.681965
33.73138,-29.522318
63.650932,13.188707
54.842026,13.879448
54.998096,46.08477
20.336468,-10.268394
-10.144474,-38.488735
-9.542533,52.252544
-38.44852,-23.1295
-29.191114,-46.570602
40.497295,16.558819
58.464813,39.874817
67.17549,37.066708
8.427942,11.989601
-57.384853,-46.16951
-17.140526,-66.21888
-7.2177544,-65.75236
-14.580193,-29.521042
6.732906,30.47594
17.31078,-34.863365
31.712593,-69.113144
-55.69953,-41.312954
57.13431,21.595966
56.98362,49.522064
5.0749693,31.113781
16.210003,9.948918
47.38035,-60.393364
51.22752,64.192024
-29.831459,-62.07771
-55.627018,-48.893463
49.97319,60.891705
-36.868576,48.09514
-30.985455,-50.380127
-0.3114842,82.22194
-54.585938,-0.59051305
21.696135,-31.99946
54.352646,-45.82883
-16.140488,-39.2028
30.404,-24.048655
-25.144697,32.317944
-3.9340003,-24.988346
-51.650352,2.231967
41.65256,61.403744
-22.772038,58.650208
-32.386776,53.453396
-5.898262,-33.640938
34.700775,-50.747074
55.898247,-5.139232
-29.795818,-23.883839
52.85568,67.59824
3.7518702,-82.53993
6.3148727,-83.73435
39.58308,-41.387463
-30.429008,47.989777
47.116188,37.281998
49.335304,13.537159
50.10562,4.722805
-21.293528,45.132034
-30.29421,18.569696
53.377876,21.539888
5.952444,29.550629
73.69105,26.09341
-35.026237,59.77969
-17.938967,-19.353539
31.641056,-55.87889
-20.275324,-48.934143
49.31257,5.5733175
35.82934,-22.516699
-20.488762,37.63935
43.2635,67.08674
47.330894,16.57123
-16.26836,16.00457
-24.300356,41.80314
-9.243684,9.499238
-13.761472,-22.294485
9.977526,-17.425314
-50.94398,-44.661552
-30.740345,16.30832
-6.8511186,77.26837
-24.468134,-22.078426
-43.11086,11.755355
-29.674591,-63.689827
1.8392932,44.4219
-28.11929,19.350798
24.49872,-14.64125
-32.134106,50.91125
18.600489,-9.084969
19.89331,-64.34485
-9.426706,-13.068849
-0.4359509,57.671753
-65.13695,33.627567
-30.243938,9.915769
-14.855428,-70.243614
-9.327877,81.07747
2.4357555,37.688656
-31.518345,65.12462
-5.5952888,48.974102
61.672985,42.54472
69.964905,16.255444
10.676102,-101.630104
11.649466,-9.383469
46.035034,70.136925
43.18075,74.56966
-12.133624,-59.86944
1.9615077,48.25766
24.466614,-14.12146
30.201534,26.21861
16.416256,-63.120102
30.972149,-56.54491
8.7863,-55.900814
-31.548496,0.5635647
3.7415893,-70.928406
-50.986923,-52.443497
9.318102,40.995453
-26.675983,-12.674793
44.482784,66.28018
2.951011,-55.893085
-23.52395,36.25618
41.564156,7.7379084
-26.165308,32.054695
-21.178034,42.089146
-38.99177,3.4790814
-37.83851,0.2030598
17.394333,17.68044
8.229555,-38.46976
40.235218,-46.305714
-20.524763,-20.62019
23.44754,13.97005
-0.48939568,0.5849716
-11.517984,-59.97957
10.5521,-2.8771377
11.8118,47.11908
69.883,7.7681484
11.505211,-103.77236
-4.267202,63.108044
61.126125,33.47572
-24.57397,10.502403
20.160997,-50.894
-6.876578,50.178795
59.85926,3.3858533
30.394377,-51.250835
9.1213045,-23.053701
-68.73413,34.449627
32.36789,-64.88858
4.6666827,-105.613976
27.687103,-1.0206469
-8.905351,55.517426
-21.557924,59.336407
33.703144,-38.39616
-30.652113,6.2679596
19.56305,8.098906
42.8011,-53.08943
56.718685,0.4114027
24.319921,-6.8878536
-59.345703,20.98163
-14.509031,33.1661
76.59013,17.204857
65.8227,32.843857
-8.056265,-58.980293
-37.055855,39.836693
-13.769511,-61.07965
-46.51678,-34.359997
-49.838093,3.6537313
8.331512,42.57521
48.443016,-60.217644
29.029709,-12.276204
-6.1083813,58.142647
39.94229,33.12168
-42.010193,-30.015703
57.896538,0.7334763
37.28246,-45.12027
-36.415398,-4.8497252
-45.88045,-20.287487
-41.2136,-52.94135
-3.0605586,-7.9248333
33.850487,5.8463597
-19.372513,-39.06501
15.243452,-12.229805
42.370834,72.93734
-72.94492,26.642447
27.529266,-31.018738
-44.66824,48.806767
-16.416464,-34.062744
8.734641,-23.106197
19.309448,-40.873524
-46.98447,-10.6484
4.8624525,-107.86184
-61.388065,31.91519
3.77886,10.792047
-3.7733564,-49.867504
49.82056,31.364174
-4.3813148,85.776634
-39.024796,-3.617391
-13.741277,7.6214147
-1.8598734,-4.298791
-15.293653,53.266636
-55.61107,-50.362854
-40.419685,-43.354477
22.317215,57.986076
-7.2916636,-29.363764
-36.072853,24.229378
-46.580494,-58.52532
42.299362,69.675545
2.0520177,-35.26902
31.253534,29.59099
62.469795,41.52058
5.4009795,36.38303
48.32085,55.26017
1.6533781,51.63068
49.40151,66.03067
-52.988995,-50.07329
-5.935442,-8.981029
-0.6699073,-69.75625
-31.801546,16.219952
-39.688854,37.620552
40.607372,-27.570423
21.753723,53.86541
27.244295,40.010746
12.895102,-59.219933
-83.277466,22.953285
0.33891946,-54.79649
-61.66409,-34.706493
21.184607,2.5048437
-44.506924,-39.1378
-0.048102606,58.52554
-47.039616,45.938328
-53.83448,12.703391
-14.231614,-34.01427
-32.25473,57.475407
42.696205,-15.802069
-0.78562886,78.178276
-24.939651,28.126186
-43.870625,-35.436943
58.774998,23.313082
5.802857,6.104584
9.487089,15.816189
-1.5839463,75.090614
-2.8532128,-57.900417
-70.5214,41.45984
14.85612,50.61355
63.859665,13.050287
-49.621357,30.985954
48.385303,14.532232
8.890427,2.22838
17.356026,-43.862846
67.05879,-1.8728865
19.6218,-20.98814
-2.60067,7.177738
10.635352,-78.42608
28.846664,-27.920546
-40.70356,-11.417394
62.506306,24.78756
-17.762424,8.274076
11.973943,7.639428
-43.18928,38.429325
-11.948288,-17.49066
5.7733355,-108.5237
-12.80389,25.85177
9.382617,14.193312
51.228664,26.56596
21.88049,-34.70988
-23.696798,-23.764542
18.086132,38.004295
38.316986,39.546574
-17.462898,70.05123
14.258438,13.579622
24.88439,-58.08986
29.55801,-65.05647
-18.88997,-5.3738656
-60.790047,-47.922398
21.666992,31.791931
14.638042,27.576738
-53.465904,-46.475555
36.19964,-3.0552723
-48.87607,-3.3142009
-54.76776,-35.547817
26.357267,-42.8406
35.491474,-34.538948
27.41471,-35.596516
13.351377,12.5178585
-21.2297,-19.78813
21.43371,31.47755
-28.329884,44.5465
-21.15959,-24.409224
73.1161,7.499191
57.38177,40.907364
-42.92042,19.366686
-49.4913,4.8106647
42.72205,-15.594466
37.89437,-66.68408
-5.79464,-66.59445
-17.464354,-68.67037
4.5144625,18.656603
48.68544,15.188992
-39.967747,-4.7025447
-29.02131,41.687103
-7.602033,24.20305
56.001152,11.469295
-39.097534,-37.188904
-37.781437,44.78566
4.6277575,-25.556952
19.643822,-18.434439
48.662903,61.849052
-8.058103,52.63257
-13.691124,-27.38138
-13.651272,-20.703642
48.071102,-60.28684
44.96625,68.80523
-3.0477448,-28.269697
-35.11646,-58.51187
47.395382,-60.611088
9.634339,-73.61045
29.399742,6.087181
-67.09395,38.66868
38.151897,35.178074
19.234009,-40.383495
26.862951,-59.203026
35.31601,-59.770226
47.26799,21.068624
48.869854,-50.984127
-27.772861,35.5307
45.00358,-39.245506
20.94702,29.13913
22.485672,-53.234825
16.387835,34.77777
-34.797283,-4.1927876
10.996833,-27.89728
19.873146,6.9949346
-25.350723,18.051561
-28.114792,-54.615047
-10.680768,-62.107716
-32.90017,43.15174
0.56360775,39.987152
-17.123508,34.305923
-75.13573,29.918545
-68.2587,26.78679
-29.390808,21.649542
-22.784805,-4.9905424
38.69848,-40.15688
-39.03978,42.89152
26.202265,-59.257343
-7.604377,54.32563
-35.70394,61.259674
-24.982481,-42.560905
-4.713327,-48.29747
-4.3999763,54.191307
-23.972965,-17.873707
7.8039875,60.867825
49.7987,62.265354
-79.36315,29.591541
11.299056,-14.957867
14.766161,22.617725
28.075174,-0.10549892
57.945095,6.8675284
18.869314,48.419003
38.664486,-57.7466
58.222294,-22.756752
3.884616,41.24848
7.900056,45.395367
10.623744,36.437237
-34.97968,-58.445053
-1.7988828,-61.506783
-7.1974945,31.849323
56.598763,4.937427
-24.170904,-27.791883
7.7836614,13.471664
-9.409375,44.949955
55.22344,12.014057
12.3877735,-103.76115
-53.886353,-51.058804
5.2439213,-12.429328
-0.2735934,58.3862
-18.459805,14.244764
-34.333794,-48.730724
-0.840777,-71.66455
-46.570503,46.112873
18.927673,-47.314224
-22.121883,-42.36083
49.47353,67.78111
42.73211,31.704805
-35.384922,-61.813892
39.795307,-38.67457
9.243462,-36.49705
44.636436,-44.41269
54.338478,66.22614
-36.010242,-16.991957
-38.148296,-40.51721
20.245556,49.541737
0.4833124,-42.530975
10.210675,-0.85509896
23.47841,-68.1412
-50.56649,6.274971
-32.291977,-16.147556
64.94463,40.907463
33.56019,-38.181618
-25.890005,-24.99033
17.962206,-45.16663
73.18671,11.257119
8.312296,17.407463
-10.359597,53.295685
-23.28396,-16.645926
-9.925281,-56.566345
-11.259918,-14.546876
-21.977829,-3.1398096
28.02536,51.445698
16.707926,51.750298
-38.5367,57.63549
-3.249193,28.510683
-42.42941,-31.751568
-14.192432,-36.604202
65.95694,9.392465
-65.34983,34.460342
-24.05381,-54.04965
-2.4639585,57.00938
30.376087,-23.017582
-6.844464,-51.166695
46.42016,-51.645588
35.965195,-10.200374
11.01155,59.51307
-53.72869,-8.388666
56.952736,-15.420414
-25.43281,-35.44878
35.148426,-43.551746
17.346817,16.948221
47.00006,10.211702
58.059605,24.356062
67.45306,5.789522
-1.7127534,-7.2185082
-31.813166,33.175793
9.321198,-103.88543
14.281211,48.016724
-4.779932,-58.607525
27.9193,-8.634526
30.382387,2.3581405
-2.4938014,2.622731
-19.668428,-53.735725
0.6751722,-64.31333
53.669464,65.57109
3.995071,-107.90002
-34.662865,14.4249325
-30.35928,65.4955
-20.249733,-28.864979
-4.8983502,14.392991
12.721591,-25.07333
-8.0119095,81.66655
-3.566386,16.745668
-4.0864983,-32.64131
-21.646786,11.660949
2.6746616,-33.70337
-39.039566,45.768265
-46.69403,41.068867
-23.942982,-62.18473
-60.39213,-47.199062
18.334711,-2.3213236
-45.701626,-56.562508
-29.981953,23.668203
-2.4916022,86.12689
-32.20266,-5.9141355
-10.936747,-66.98177
40.844666,66.15288
5.292182,21.883633
35.87837,-69.01092
-53.733257,-37.374897
60.731144,30.617996
54.363544,7.352509
-37.509663,13.070674
39.727615,1.2714634
-39.22719,5.1217895
14.361806,58.861294
-30.85444,32.220417
-60.619144,48.515343
47.631866,39.864616
-17.387173,-23.554085
-81.773926,22.625029
12.172705,-58.28256
-32.809658,51.301315
-63.55067,-41.78124
-65.039505,37.542194
-61.059914,-37.270424
-26.682526,-34.78619
21.91818,39.033268
-14.808449,-52.725346
4.352642,-28.690752
65.50664,31.172523
5.832968,12.475282
23.664003,-53.82505
16.30665,-60.42615
5.1479697,0.31310517
-53.013885,-0.4825509
59.83764,-17.313892
54.592926,13.038282
43.12314,-3.2400746
4.280001,-105.53461
-12.2463665,-6.1793375
-23.931683,42.30706
-29.90846,43.722527
-29.736094,18.312119
31.148418,0.117070645
-57.865673,17.509773
-57.406963,-51.492638
-1.4329635,-29.479925
-73.68663,28.873215
-69.684135,15.528431
17.648605,37.601547
-79.09435,24.067072
-64.39288,33.458775
-18.615969,22.971577
20.00383,36.286003
-69.639114,29.905033
-17.936584,27.5424
25.641676,35.74534
-4.0478544,37.67121
-13.613686,39.303703
5.780298,24.859423
16.556248,13.280253
-58.094097,32.179024
-13.748716,70.36452
-45.77143,5.1305823
-29.31837,-23.19857
19.874327,-46.71991
54.814068,-49.917442
46.10633,-49.75647
-14.5010195,32.196182
19.127758,9.250162
12.560294,-36.341377
-27.544998,14.191414
-25.18356,27.079735
-34.09376,-19.151672
2.6008198,-63.654232
-6.7169394,-13.588267
-30.553175,54.386326
-41.378487,-33.874058
-42.82827,19.713413
-79.39699,29.350534
15.2352915,50.372883
-50.531696,15.707818
-4.237583,-18.195423
-79.62838,24.038818
23.347265,22.245079
1.7961142,-71.13222
-31.682127,-9.077099
-51.05872,-44.6657
21.60947,13.762248
57.55885,44.466763
45.339573,32.536514
76.592255,8.774265
-25.91309,-53.18504
-41.41761,41.30159
26.172253,30.96927
11.649613,12.915612
-3.5872278,-41.16131
-48.881977,-49.56711
9.950251,-51.843513
50.496647,65.42957
-56.14804,-48.081135
17.400072,34.725105
74.36218,13.858217
-51.20774,24.224058
-3.298737,-24.855999
49.055443,20.534737
15.168969,-31.446194
0.8600692,40.816757
59.183784,-2.5901823
26.35638,-10.621636
-5.464086,59.552628
25.843609,-65.41976
-4.7893686,39.36153
-16.224081,18.266748
-40.08577,20.296894
6.4730625,34.261257
-7.2222457,-29.810143
12.151575,10.392483
33.166252,-56.700314
11.69289,-102.641815
-43.177864,15.952676
-2.1474173,-4.471902
-19.738272,-2.065549
23.75836,49.520714
-39.792103,32.47902
-14.123123,-33.337746
21.811806,17.241665
-29.17186,7.0786753
11.077949,-20.791008
19.194105,32.879734
-9.625556,22.12277
-23.264128,49.11434
4.4461713,-84.09655
-18.083643,46.380707
-27.340862,63.189236
48.0113,10.856481
-42.548412,-2.6586509
50.524624,43.052883
55.97808,30.044472
-53.475506,9.339205
-12.298035,-61.78043
16.23251,33.071587
31.792912,-54.76732
7.297175,-21.53886
57.95396,-22.205725
38.63635,-54.214325
-8.696573,14.245044
-6.155201,-44.44525
44.05454,65.322845
-38.3799,-1.9918982
1.8334147,-4.1254845
-58.117588,-44.903347
44.864594,-50.16922
14.780966,-17.232048
-6.697498,-44.750114
24.529507,-69.90945
9.000737,-67.035904
26.823118,35.478622
-14.8268795,-64.566246
9.433902,-102.131004
66.147064,33.61569
-20.799788,-18.611225
-40.980747,3.9193597
6.2971425,28.539402
40.429104,-47.74254
-24.440367,-54.435513
-0.70019406,43.83327
-3.1457124,46.08765
-17.97793,59.19723
-50.75134,-0.8966452
55.378624,46.05525
-19.862858,-24.812386
-51.811222,-52.468834
-30.938549,9.715404
63.303802,36.99613
-30.265411,-30.160734
62.188934,5.8083625
-32.28281,-21.454327
-47.881042,-17.197863
-41.94891,1.3369244
-48.162243,-3.6617165
-28.241558,39.170673
11.548137,55.103806
11.743464,-1.0296326
40.286304,-48.74493
19.39279,-62.681705
16.194643,29.8574
-19.63282,0.07220628
54.855667,-17.758099
0.92776334,71.82267
65.75103,32.90817
64.89109,38.34063
25.5681,-68.81645
-6.848346,77.078545
-68.975334,27.15658
-10.877044,-37.196217
41.487553,69.29241
-12.016195,24.858685
-18.739813,32.111103
-8.932371,-64.13472
41.27287,-68.15199
-17.166325,-33.721687
5.5292053,-68.77628
51.582344,66.764786
17.632118,-56.39712
-14.371937,-26.925846
45.96689,16.11954
-2.7239943,-47.460125
54.626614,44.050583
7.4628506,-105.65836
49.308643,-35.179893
-22.691895,-53.657555
36.834003,-40.445816
-53.01009,21.070742
0.8699094,-36.57998
36.52003,-7.357479
-25.051655,28.11127
44.674057,-56.109818
-17.500387,-23.585592
65.22568,1.1288203
54.46017,39.19124
10.364346,-68.232414
57.87503,45.51031
37.95423,-51.392498
-0.7892711,17.336254
-25.018585,-62.076042
-16.86468,11.567759
40.918102,-64.341576
-72.86424,28.015963
71.076294,33.5107
-20.780146,-56.02175
70.72364,3.9191442
-4.1287026,54.565422
-15.868646,20.967064
-1.5127631,-29.407776
29.470196,-7.5668364
-44.81138,-51.12308
13.39676,53.250973
-31.27683,20.441513
-22.659573,-55.671997
-11.646041,11.018448
-11.491703,-15.489799
59.58433,47.6996
22.592857,57.742393
-60.48882,-31.90534
8.190572,-82.86979
5.1307673,-0.90539485
-41.439354,12.948737
-11.591491,44.474976
-6.613352,83.82356
-5.1209803,-60.812202
59.308887,24.577408
-10.108451,49.462345
12.436428,-58.328365
53.201374,-50.832237
50.733704,-49.423622
21.427141,-29.589363
41.602528,72.26824
-23.751228,22.869051
-25.742327,48.420258
-18.647024,-35.845135
-24.612638,-33.87072
46.66269,32.72576
-16.539154,10.438284
-2.771024,-47.43416
49.032326,6.166459
2.8254433,-107.68546
21.53619,26.278883
37.010212,-69.13662
-35.887516,-42.56992
-37.255295,43.3822
-24.790575,-64.970314
-41.85955,-5.20677
-8.476193,9.496013
-1.3926173,75.5423
-8.9910755,5.941898
33.566364,14.208877
16.041616,-5.6643286
-58.803368,-51.914043
22.142986,-61.65788
4.9998126,35.78247
-6.666545,74.7194
48.50573,-32.006985
50.684074,37.96031
-16.540163,33.465572
26.297682,-1.3029748
-14.172446,67.951485
26.130688,-38.93526
8.590216,14.619192
-54.52774,33.744247
-41.599922,13.730826
48.164288,9.1776085
30.294868,-62.96861
9.0215435,-27.294304
-51.250572,-4.9745946
-26.409376,-61.510353
7.6716456,-3.0410347
-60.021538,-47.11668
-20.596628,6.2697606
-9.293092,-63.75034
7.4150944,-1.8329948
-8.833523,-60.061523
60.67325,-3.9394488
60.94154,-16.85852
-61.580387,44.097706
-46.503338,-48.073357
-11.676373,-60.215515
28.69184,18.425138
-1.1805656,-78.47219
30.832846,6.71374
-24.278261,-43.024963
36.618595,-47.32186
-54.704018,-37.415073
45.69839,66.69513
-24.150688,-47.51152
-42.148037,31.12562
-28.76842,7.766766
-3.0241294,-58.124187
-45.612305,47.760612
-33.833168,-25.50549
-23.61248,20.861544
-27.764215,-62.77457
54.58066,5.152806
-15.6815605,-6.104991
10.938529,-38.451397
-43.122932,-6.8291707
-9.885469,19.457159
-15.254296,50.16057
-25.233908,51.17216
-3.9398882,44.49818
8.667843,12.214611
14.865591,1.9960333
-16.749332,6.956343
-12.550608,40.929386
43.06895,73.58719
18.014702,25.779556
12.573439,21.529345
26.288792,-1.3456718
-17.396173,-69.17783
27.821905,-65.83519
68.3725,19.252968
-44.607014,51.809937
37.747456,39.502052
-17.42891,-17.280231
-23.111277,-54.5551
-27.93907,46.25989
46.174263,-44.836567
-13.382587,-30.140543
54.483994,1.0203333
0.057920896,-2.1348374
8.500729,32.178
0.793409,-74.674904
-63.66987,-41.995438
-16.03031,-39.292713
-29.485943,35.69961
-39.546238,30.936626
-9.713375,48.942307
20.203886,33.12517
-58.068466,-39.994812
13.899371,27.134401
-13.430907,72.797714
-31.799253,-28.075579
29.452806,-17.396524
-47.292103,25.475391
-25.720976,8.277375
50.15821,33.71038
-6.2385316,63.5761
71.009674,16.282202
-10.349948,-74.07322
-8.73786,39.890846
-3.8198647,-84.017296
-53.75618,-47.176743
52.958805,53.849377
54.378986,-52.47745
-58.648594,-32.611122
20.981346,-34.418
45.08939,-56.151882
-45.93916,-54.119102
12.76574,-28.070662
-3.5913453,47.10926
-3.9216666,80.16168
74.60762,13.647607
-60.167255,-40.03503
-3.3937783,77.028915
-31.674849,-21.006817
-1.1742693,6.570096
2.192069,-25.143719
-15.282766,10.234844
8.817425,50.262848
-55.485134,-37.86137
28.045835,17.871748
3.254681,-51.308784
-31.492329,-38.50834
3.3961022,-6.6561823
67.75004,38.360237
0.38967782,2.4205048
16.439476,3.4311388
-19.00159,56.2321
2.2802954,-45.479736
35.45632,-26.400518
9.948585,-31.546007
19.140133,-36.616455
-29.67598,-60.7032
-15.502164,4.531004
26.221834,44.458267
35.604607,-56.26242
58.467464,-21.29827
-42.612095,-24.154581
-35.527107,11.493333
59.12846,-15.351135
-21.456541,36.77116
0.114869595,-34.25419
-27.526562,-49.14253
1.0003238,28.743883
52.98962,12.891891
16.530134,-17.387959
-55.97429,-49.623306
-27.48447,60.407776
-13.816981,26.145605
-29.790981,-31.98794
-31.109509,53.774544
10.720227,-29.635601
-27.000946,31.984905
-19.924164,17.837055
3.652532,-50.863125
60.73193,10.505566
61.4084,-0.13761626
-31.616331,5.8555384
53.65092,2.2573175
-39.224728,43.026165
28.75779,35.07921
-11.43361,-57.658394
-8.369311,20.430578
26.270493,13.708247
18.77374,28.007563
6.1219425,47.97139
47.29195,16.055653
7.9368467,47.288364
-68.5466,35.399887
-9.957704,56.21082
-38.637726,-3.937372
-20.90182,41.36896
-37.277866,-47.4967
-20.203539,-60.233517
22.757484,-8.42982
46.28898,-50.537018
-34.586197,-48.749752
4.339946,44.12735
-27.708849,-19.341965
-14.222812,-61.11488
53.65072,-2.0899477
-28.42004,-26.475645
3.291171,-81.63318
-10.385809,-31.850739
3.653874,-40.510136
14.549908,-23.39931
69.18578,7.9238677
40.613766,-65.784935
-48.068893,-44.5056
17.152435,-63.31434
47.93605,2.2118227
-81.80794,25.778128
-43.931896,36.70093
50.59913,64.893555
60.1796,24.531006
-3.419745,-14.854353
-1.7662214,-24.085308
25.400269,-1.3089001
-42.721092,27.777847
51.27926,66.36647
-38.95946,14.592427
10.086914,41.747738
-16.93031,17.376156
51.14035,37.218758
26.550367,-29.586214
13.087169,-35.0244
36.927113,-65.864204
43.636368,69.72315
1.9501632,-32.690166
54.42065,17.779556
12.413051,-27.419138
-3.8951902,-41.33748
-24.10047,-55.661045
10.996583,-23.331533
12.038288,-0.71765345
41.21427,-38.355083
38.201504,34.9157
-8.738393,26.212852
2.0961356,-21.444342
42.21276,-44.710487
-63.09893,30.424572
-53.433132,-2.1953795
46.431046,1.5021025
9.850578,15.957273
40.843697,-64.253426
-40.02742,46.497807
-29.32586,-22.596144
-22.756243,65.35134
21.757933,58.08162
43.1613,71.64246
59.603764,34.61388
-36.9204,-49.785797
42.921444,-57.360924
-43.15374,-3.131125
-3.8611076,-83.86533
52.100464,-43.821083
-27.276752,54.010048
36.53582,-36.92217
-42.300537,-29.103777
30.976713,-67.84443
34.022373,-59.709858
13.620421,-20.830795
17.146864,5.1852264
-7.920893,-81.01376
-63.417816,42.44288
57.76963,3.0253527
-33.55508,-27.055702
1.9209216,-27.987232
5.7692327,-39.44025
64.58992,2.017522
9.465797,30.555725
19.882595,-44.630527
9.047248,27.174332
-12.113881,-15.489819
44.055653,60.14884
-9.324958,18.321247
-14.161813,66.16382
-42.244404,47.032333
-38.688892,-53.345615
5.6218796,13.585844
-59.946167,22.83805
-3.0957417,47.86831
-30.049625,23.674923
-29.05627,12.651784
-36.03971,-16.985203
51.69414,23.17847
-58.00835,-48.39962
2.6134193,41.127083
-10.506927,-8.249978
11.432315,-79.927345
57.568974,-24.182423
15.036938,-16.45286
8.944687,-36.260967
-62.03308,-31.510616
-13.251379,-46.653343
0.8103176,-27.755365
6.5915713,-40.670673
-3.2591877,-76.285706
-44.655792,-2.1282318
-20.24884,-17.387854
-46.567207,20.89547
-36.058784,-56.31786
-29.201927,-0.21653476
15.959138,-22.810368
-61.657322,-46.858265
-19.951962,45.819817
53.178352,45.85875
-41.085735,22.335583
-18.610987,43.474075
-75.2292,31.011545
-15.61922,-34.316864
-5.828114,7.669127
-59.37894,-32.957336
49.29782,43.179203
-38.18653,61.466118
-39.31113,24.382772
-48.4357,7.6259007
53.24787,21.608082
-0.39442256,40.580696
-37.649357,49.553207
-6.14259,40.99875
-49.36927,-48.230255
-41.64106,-21.21787
39.323826,-40.367226
2.6260896,25.963778
23.816063,35.986996
27.441664,-35.279594
3.9502285,50.34752
-45.53766,4.3315563
64.001625,4.8967843
4.296377,-82.62243
-41.549824,16.22069
58.0296,-18.540873
-28.752432,7.6358204
-24.068735,-18.238838
-52.152023,24.197247
53.860382,64.71645
51.351055,4.0261655
10.910772,62.67315
26.6411,3.4384162
18.924587,29.81087
6.237803,15.4384365
16.723469,50.446037
-8.579264,-37.776768
20.787766,11.08075
-8.954797,12.597116
-58.49324,30.600883
-35.61387,35.537453
11.671719,-15.0328865
-31.442734,62.828136
-61.051132,-48.22172
-8.687362,17.29588
-15.318845,38.23701
-23.399143,34.159363
-18.569117,-67.21417
-11.158263,23.264677
-9.811077,-30.714058
37.566914,-35.39402
0.18877834,-44.40161
-69.94846,20.302313
-6.574289,-51.21785
0.66574794,20.690605
31.670559,4.185692
8.963473,-33.52153
1.6406049,-76.97596
40.029823,-63.084568
53.46732,-51.578632
-50.039696,-51.34094
-7.737173,64.9061
-38.23706,-27.326662
8.104813,-13.08245
-37.297253,-52.699043
-0.34986627,57.69319
-36.58247,18.46849
11.357139,-11.813491
20.699139,-41.81261
-5.8349977,17.260427
-70.09519,38.566883
0.054074246,28.186186
-31.698023,48.737022
57.2189,-2.3522794
-58.813793,17.853636
49.807777,69.545395
-60.064816,-42.804733
7.1489673,-78.84604
-53.93589,22.87794
-23.932806,7.4517345
-33.99174,-55.56314
-9.152242,6.5957294
68.46644,31.926243
-37.92712,28.440596
-55.669052,16.058748
60.149326,-23.985617
15.317016,21.491125
53.17232,2.2927139
44.70062,68.272255
5.2136974,-75.8663
17.108814,-63.13054
-38.44075,-53.95964
51.01074,63.755596
4.649088,-31.434883
-26.228148,66.35257
54.657898,-0.2565276
3.9758213,54.661804
32.8085,-12.093446
14.380214,-67.18147
0.572253,65.22176
7.839463,22.838512
17.067451,49.73447
1.1089742,-3.152958
-17.4502,-33.349392
53.054096,45.519135
-81.90824,24.284176
19.028605,-68.27702
-12.690157,-28.930918
-13.851403,-13.535102
10.1243925,-1.4203677
-9.236482,-55.352592
7.1714973,-3.0533435
-15.243571,38.76414
-6.563406,83.99454
-53.323147,23.60764
-32.665855,-16.24603
32.97141,-58.797012
-29.419733,-61.510227
10.067915,36.474056
22.614716,-60.11908
32.920467,46.186577
-6.209488,-44.50469
-33.892986,-34.752884
-3.7453961,66.87111
24.888798,-30.398613
-26.710873,61.074455
39.940556,-40.641388
54.40044,-22.346487
-28.556997,-46.72693
70.82513,26.17342
44.597668,14.507329
-3.6319435,-23.04062
24.310486,15.04378
12.34861,43.83276
-50.93918,1.2362188
-22.720816,51.16963
0.78430563,85.63808
-33.73419,-55.846275
44.29679,59.56033
-39.33268,-10.554051
-24.630116,16.886196
-31.038223,26.579014
-9.853012,-51.884956
-6.480009,2.5106719
5.5834837,-63.960293
55.259533,5.5772853
-14.97851,38.015816
-13.824128,-14.600686
24.274609,-64.66153
-38.49016,1.9221344
2.685329,50.293537
-58.60283,-55.35324
71.12375,15.471918
40.56701,-45.800682
54.97504,35.148037
45.21915,32.221264
-2.9589398,84.775246
17.58746,34.636307
8.979138,41.68598
16.741186,-16.920498
15.881652,-28.24442
24.750772,-32.552544
-11.593437,10.412007
-57.944798,20.606035
37.29635,-51.661476
28.492973,-7.5492454
-27.201982,1.5329686
-55.608505,-31.777699
56.21613,13.439571
-58.8949,37.331696
-5.7429037,-46.498474
-28.415016,43.210064
-41.96066,-32.347794
-2.8949475,55.925106
-37.47808,-4.478148
-36.33262,57.1279
-50.361477,3.812583
-22.040096,-17.149578
-18.012804,-27.492744
-36.11015,40.18959
-23.137184,37.692043
-53.30195,28.614159
-43.59492,12.735271
25.976723,55.233036
-61.330093,36.46128
-10.959215,27.536734
66.24122,17.17254
-31.35632,-16.119694
-5.4576535,79.32299
-62.693672,28.863829
52.925217,53.87665
45.859264,12.07703
41.322823,-40.739254
-45.457413,-33.35595
-37.41585,14.055113
48.564457,21.754852
68.874695,8.389987
59.507515,-20.268122
-33.817963,-25.461935
-31.571901,-0.2554574
-69.738655,27.317575
-8.293549,69.3115
-21.684166,-62.548378
-41.624306,32.59164
22.653006,15.117799
5.5720334,35.02835
69.169235,7.989473
58.97727,27.28951
52.05843,22.49507
-16.940315,6.181709
48.48337,26.474977
-22.154299,-0.6841399
46.121746,68.24262
-76.35914,26.903753
38.507236,-62.725906
42.43403,33.19071
-52.537853,19.967316
5.0587726,-3.722328
-13.390098,58.509865
-44.639435,-36.41051
10.670972,-26.127834
-26.264297,-55.056953
-68.60677,18.716347
-49.19139,-48.65076
57.36183,0.6852027
67.67868,9.663813
-45.172752,15.237413
-30.52372,-31.87809
54.60804,7.3783746
53.760822,30.076807
-25.100826,-23.477674
55.357216,5.8132105
-59.42339,-39.36376
11.349379,51.383945
9.594043,55.747
-48.588444,23.467863
-55.587994,15.177045
58.871357,20.514124
-47.15768,40.67671
29.601357,-39.12803
3.404442,-65.49393
-8.960532,-13.731049
0.4543788,11.578803
5.2573037,36.605854
57.56033,2.2462137
-30.716015,55.40312
31.073126,-16.706455
-24.041569,-63.026897
-26.87669,-7.6619473
-4.134674,76.98859
-9.862209,-23.659554
-40.262394,-43.31208
-24.040815,2.9078667
-18.808176,-35.95882
76.85306,14.076444
24.024916,-67.61863
-16.329103,-8.176287
7.796135,25.717253
12.633585,34.41537
-5.9194484,-64.83028
54.30898,29.246677
1.5364823,26.918352
-35.009254,5.5766644
-58.982605,13.559528
10.483324,-5.5798783
-28.103704,-62.768887
23.63261,6.457604
-53.815037,-51.122906
6.9425845,57.710438
27.10866,-27.160095
-38.175842,25.961658
19.566517,-37.495235
7.9281664,-103.96396
43.10172,65.10362
-41.385834,-6.4193616
-21.641426,18.11358
4.4557776,51.441437
-37.66273,5.586401
-34.140965,38.715626
5.6074123,4.682199
17.570232,-24.46337
-46.549644,-28.153795
48.95908,62.098686
-29.021225,1.8297731
-12.343187,-47.387085
43.807365,34.452614
-32.250053,58.862926
16.618267,-24.031454
-46.062645,-54.194008
21.104359,29.383982
-10.013112,-21.604584
-11.397594,-13.183153
0.27443564,52.145035
-28.202406,46.174816
-37.718018,4.771905
-67.021996,38.46425
28.923258,-17.873531
-53.281723,-46.238483
31.762466,-59.63966
25.420954,-29.032467
-26.894989,-25.772764
15.847807,65.34795
5.4602466,-2.4417112
23.946667,56.268158
-54.024197,33.770123
44.089527,67.63334
-42.72969,-38.83168
-8.838902,-61.203243
-58.48122,-58.07267
27.095312,1.8945754
-49.59504,-35.775757
-4.099961,20.040436
-3.322879,19.003036
-56.736565,44.01375
2.2179832,-16.069317
23.864048,7.517494
22.757093,53.968918
4.308202,-21.69035
43.151928,-53.306507
26.723467,-61.264202
-22.612085,65.25683
3.3574874,52.940884
16.884035,1.286382
7.2550607,54.728874
31.75329,-35.56743
44.28527,-2.7124405
-51.67183,-48.43864
-10.465799,-56.462215
-7.299454,53.187874
5.1393876,5.0451612
14.88845,-61.303402
-19.736326,20.133642
-43.85204,-6.161427
-15.367557,32.553665
10.72764,-2.9799333
-27.066175,57.700214
38.29718,6.76925
43.193764,-34.92538
-4.542065,47.163048
49.592453,-35.56594
-37.2918,43.546837
41.553936,61.25591
-23.613426,-56.02483
-44.268032,-50.9928
-46.650955,-19.814894
29.065819,-33.482548
7.4998364,-37.879612
-13.518777,42.242725
41.285156,-40.96708
-14.589257,41.382103
5.2322626,22.402239
-1.4338173,-21.749653
17.04205,-24.675278
10.194613,-52.425045
1.019854,44.02238
-34.030365,5.7408004
-3.9841309,-32.991737
30.231092,-53.800373
-4.526342,62.84101
33.80658,-32.73143
48.79746,32.45271
-48.944077,23.254677
29.82189,22.766197
70.58422,35.050854
-30.072817,3.5472257
-60.668324,37.77856
15.201831,-18.854357
11.00238,-66.37056
25.674973,-39.92259
-61.444828,-41.822662
-45.00514,-3.9348717
-9.215652,-16.858725
61.990356,31.994444
28.833454,-63.65105
65.705124,-1.4804883
35.984253,-24.131748
6.9386234,-106.68717
3.8459165,-31.785677
-30.2219,35.618168
-34.428997,-44.975433
5.1985106,-34.369606
15.265799,-51.98299
73.16602,26.934427
-27.77818,-21.994041
-11.118341,-59.880085
41.663067,36.76794
-29.905396,41.88102
8.372546,-104.235405
-14.086438,7.9281325
30.54113,-39.336803
22.799395,-20.341888
-2.0614533,45.224003
-27.869177,-57.62005
-1.6518507,-22.208324
-44.599983,-0.98935735
-49.967735,-27.250086
56.3734,16.110922
-33.043633,45.711037
-6.993093,16.371647
-46.39446,19.966713
22.386213,57.91386
-12.796134,11.2373085
31.603188,3.826349
-38.01528,6.3885384
16.076323,16.749094
8.15403,24.567783
22.038578,-12.433532
-5.450513,78.67041
17.236729,-54.195015
-17.319405,8.781485
71.455376,15.752701
-70.58318,27.6388
24.356314,-5.836378
-44.659023,24.863203
-19.254644,-34.82428
-53.39664,-25.176804
8.965159,1.5843542
3.9490116,-0.7577022
40.079483,69.93862
0.13708659,-24.85576
-18.950087,-11.762185
46.60392,13.376262
55.924282,40.621532
-34.11907,14.808566
46.104748,-31.24062
22.207708,13.91935
-30.2703,60.45151
9.594605,-22.07289
16.09829,46.77656
-35.056892,22.327637
17.566587,-19.803131
-34.865047,40.200256
-32.662785,2.1951091
-45.414238,11.818094
25.040192,10.308386
-17.45794,46.60647
-31.492989,-39.136925
9.3720455,60.65313
-12.747437,-7.189418
-35.942097,42.464096
-21.884516,5.5657563
-16.668528,68.19894
-12.250553,56.835648
-1.4257528,-83.5984
9.875208,-37.579742
-52.259804,-39.046913
1.4008332,82.60373
-19.32188,-60.517994
39.940453,-28.615328
13.195094,53.19292
50.154236,8.874521
-0.33222923,-58.461723
19.62401,-46.959682
54.885303,13.641696
36.72031,-27.711926
-7.8420997,-12.5098
-18.982872,13.93608
21.837614,38.345684
-37.96298,-22.52406
59.9692,47.565464
17.423372,6.0704584
-14.440035,5.4752235
47.385647,-61.01622
52.069508,-51.016228
-44.62444,44.43154
43.12461,-0.17679499
46.03605,13.050927
-47.626724,-10.196812
-36.67577,-6.779621
-1.1856135,-72.906975
-34.346306,-57.591057
-3.748026,-0.65167016
13.384513,-55.46751
-78.85722,25.130468
23.009012,-8.603483
-67.413185,5.6086645
-67.5721,-8.244065
-8.667823,-50.538506
8.105767,-4.220347
51.352936,-9.531073
45.17966,12.016081
50.09849,69.853745
-17.448767,-69.24681
-25.644302,39.86286
19.381815,-67.60727
-52.18456,1.2119697
-3.8997958,-75.65681
-29.101358,18.995598
-8.83114,1.174375
46.049965,-7.722015
65.76251,29.349115
-26.909018,-23.191544
57.879265,25.114183
23.239458,3.1851249
-50.087,-32.914394
-25.490799,-36.539616
37.082863,-22.794735
76.320366,7.48397
-21.494375,71.146454
-3.097724,-7.9645033
-68.0087,41.88426
9.06476,39.30053
25.456045,9.685539
3.5528371,35.879566
20.88714,-49.04706
18.777153,-64.23218
41.818813,8.5170145
-5.861646,62.565605
39.453224,-62.475914
4.1818123,-85.958275
-14.06248,-23.993637
22.8986,45.398617
-58.041836,-25.599144
30.20296,-42.645966
-15.9589405,2.2449603
-44.900948,11.538339
-2.352892,-52.68813
13.483303,4.2803097
-13.346328,-3.4531965
66.6815,1.2161046
-40.389214,29.21823
-36.169376,39.77122
9.117773,18.385092
27.826803,-6.2190366
27.730408,-6.041719
53.42331,5.866112
-37.890934,-10.713659
-38.223972,59.661434
19.978708,0.8073312
-17.572412,0.29456463
8.984559,-76.49616
-45.414505,8.778518
41.66064,-47.872604
-48.88841,-4.8685927
-21.193228,69.39915
-15.900385,-10.231725
-65.747856,19.226088
35.16508,-19.367796
-21.857742,-64.419754
3.768833,-42.961597
-24.83166,-13.070442
-41.47387,-6.177989
-6.8288083,35.714428
-31.841696,5.6670113
4.625238,-85.005295
-9.161257,6.4524164
-35.501568,-14.038425
-13.242647,26.013924
23.633348,12.751472
48.282482,17.753757
-5.0470204,-49.933113
15.3513,55.587894
21.121784,-59.265728
-22.303385,-19.848574
32.663864,-12.325319
1.4764274,27.436182
14.038187,-6.28644
-31.60548,-41.423534
-22.050293,-22.016842
-73.95094,25.102095
37.048103,-51.66391
-46.61932,20.262768
45.58672,72.14861
51.097763,31.96106
9.824324,49.51989
19.563757,30.882702
-53.177616,-29.960835
51.99534,-4.520894
12.957287,-77.24587
15.031729,40.455223
-55.407677,-41.89297
49.8159,33.97848
-4.7738347,6.4975667
-6.92032,28.544981
-15.851341,42.744038
11.768399,-102.629234
4.637002,-3.9648414
8.302137,37.332146
-33.875797,-59.04252
-41.65884,26.559736
48.553303,7.2211657
-10.144465,68.5586
-47.025223,-20.256306
5.01575,-30.915941
-7.910636,-52.153316
-0.55438197,81.7477
-30.499376,-15.823316
-15.219938,60.89764
16.627937,-34.44341
59.003105,20.51856
-26.44553,-3.8128176
48.093407,65.36972
24.795143,12.92308
19.002697,44.02747
6.7202916,23.805336
-21.219343,-29.02389
-24.052237,28.72639
15.2292595,-60.87592
-31.34254,3.850087
-14.330739,45.660797
-49.507294,31.435211
-32.74041,-24.68766
-55.333313,-48.392445
-46.692314,-21.156038
28.877548,1.4956007
-28.685122,17.24729
-5.3590426,56.672874
-12.546647,-61.035564
23.784563,49.737083
-5.1485863,33.336964
11.940648,32.9442
-41.667755,26.507198
-55.658424,-42.203514
59.879406,3.4635801
-43.809032,4.2212906
23.46879,59.107872
-54.147648,-36.366215
-37.9619,46.141678
-3.6367612,16.474257
-16.253698,17.843325
-41.460297,47.252472
26.457361,-44.388443
-45.015945,-13.365008
-31.21155,-56.398582
19.469519,10.571301
-0.067630015,4.7282825
58.957924,13.280058
-5.751282,-75.060234
-37.77021,-34.18704
16.157223,39.86315
19.503912,28.117836
64.87432,22.16088
-62.085403,35.479286
46.637764,32.87463
25.447256,-56.771236
-34.164875,52.188984
30.162638,-42.76942
2.080652,79.8502
45.155746,-35.679543
-58.913025,-32.73974
44.132587,72.84758
44.10924,32.354103
55.62644,-1.1552427
-37.194977,40.54122
-52.303303,20.95458
3.795521,-53.00623
19.318115,-63.251774
3.3893547,65.96227
-43.463177,48.864334
58.324318,8.875209
15.584195,47.037846
-68.93748,22.881477
-37.6109,-41.219482
-42.80826,-41.645054
46.254635,22.711323
-5.8611393,19.718742
55.04068,-25.01032
40.733593,-43.50559
-27.079409,-15.880891
43.575485,-7.8782916
-1.3189267,38.194904
49.969315,20.34827
-14.428651,5.903411
2.6533005,-60.949467
3.4109719,51.78473
2.5966508,33.009075
26.795988,-60.748543
9.125514,-3.0438874
-15.457167,28.42776
6.014353,-66.41285
18.486692,-21.977077
39.040596,12.150051
12.531012,-0.5832334
-57.627438,32.335926
-18.567617,12.354947
63.24479,-22.440668
42.812267,-52.871937
21.616163,20.585655
10.174763,-16.41362
12.453182,39.180176
1.6322843,-5.239271
-6.4715185,41.130707
-25.11983,28.236094
10.965088,64.12882
5.6248775,-106.35486
-22.614471,-2.0131567
23.105822,-50.370964
7.8933654,42.797455
12.787594,-46.5015
31.149942,-2.776943
-31.466072,17.298412
28.326752,43.501965
9.118997,41.065228
3.2298312,40.85313
-41.536777,32.107597
-35.480732,-14.335809
8.320002,-4.753881
-3.024245,62.489487
-33.97348,35.744358
46.07452,-43.996883
-42.236996,29.856422
13.026985,52.061047
-35.50236,23.65488
4.02274,42.65719
50.190388,-42.824837
-7.4705935,-41.639038
15.196621,33.49919
-38.495014,50.808044
1.7796732,-27.7374
9.319679,6.092902
3.324895,48.12128
-0.14322352,-24.314352
-0.674958,0.55309826
-8.2925415,-12.959155
27.033625,40.28747
-26.084375,-19.69981
-65.01066,-38.668907
-24.272736,-41.801605
58.12219,26.144411
-66.55908,41.056114
-23.640463,18.118027
46.561382,72.88057
0.13065165,-24.9446
5.2228947,37.01885
73.460846,21.606276
54.574764,-50.53752
-21.482712,30.144655
-23.10622,20.568117
-25.803993,65.3202
-51.481285,-34.06007
-28.444164,-63.036774
-67.76343,35.122017
-0.081677094,-75.66434
-9.403936,-48.86062
-11.952925,22.81058
47.5452,5.220187
24.284555,43.70995
17.803234,63.95665
-10.130255,62.150078
-7.223766,15.817807
56.89491,16.318333
10.41844,10.853348
-19.345367,51.520485
-68.67243,30.880657
41.97428,69.29728
-5.8463583,39.43615
61.220383,13.770572
-40.622772,20.877836
-41.1674,40.225555
6.8487005,6.869372
-33.379463,38.709354
-0.4644118,38.928993
-0.9265803,9.805781
-9.181321,2.9644732
-62.180965,-32.27132
29.58463,-47.847805
44.380066,17.83341
21.759378,-38.647408
-49.44603,-43.51424
-34.404064,20.939787
19.474594,-64.80357
-40.00122,37.065693
-10.725783,-42.997536
-19.689442,-12.397972
29.706327,36.755825
43.63516,-7.854615
49.779945,-36.00981
-50.106533,-38.430584
2.0552042,81.19919
-6.3184485,63.487423
28.533537,-58.105362
2.7975125,47.92368
-17.694603,33.53106
37.367176,-45.54701
-33.365517,-61.666115
-33.79948,-53.8959
16.471748,-18.742361
-47.293777,-49.600883
63.081562,28.571815
-29.791327,43.977592
54.327927,29.109436
50.63362,14.173513
48.4206,-57.91413
-75.791046,25.320591
-38.931244,4.7027273
-18.213362,-22.27651
-40.327404,-26.369406
19.999683,-18.149092
30.312168,-52.721085
70.13509,9.338691
52.17716,-37.331837
34.43598,-51.63866
11.024564,28.739305
27.998753,37.47802
0.900334,21.227262
-77.85737,25.99469
-45.398087,-48.62346
-14.49118,33.956783
43.897144,43.167133
-9.074388,25.475868
66.93174,-2.4547164
5.2599535,-66.883766
-60.88497,-32.080837
-37.714844,-45.813293
52.175877,16.572336
-27.158583,-32.52071
44.1488,23.119274
-25.435987,35.46398
48.045666,62.03264
-44.66792,35.33908
-6.6084356,74.880325
-1.1810012,9.834738
30.774227,-1.7727025
14.357164,-40.361782
17.605875,32.888897
-23.252653,6.9729905
22.668797,16.474588
-13.880027,31.506388
55.86299,3.491087
8.981048,-3.0866985
-14.54237,4.489816
-20.984577,10.143177
-49.713455,-35.790653
-19.014193,0.48141766
66.02809,22.427773
14.086054,-11.178377
-5.6720233,-67.54772
-21.791348,60.416298
-51.585228,12.738878
1.5258502,-37.63836
19.716364,-51.37513
11.645086,21.393894
-5.306579,-57.776096
23.007393,49.20547
-47.191532,4.6834927
-38.473038,26.85003
-17.248524,-17.419828
1.5268376,44.254906
-6.2149467,62.020645
-8.876328,69.231895
32.385082,-44.1221
27.293507,-54.429398
50.874603,-42.47639
-12.136869,30.017237
63.871197,15.653761
31.023502,52.34343
7.8001943,25.878948
-30.024523,50.732166
39.01084,-33.50441
42.561028,-38.51897
-40.006065,35.432896
-14.151086,11.36988
-10.069197,34.172287
20.763788,-58.217
-6.2904134,-26.49932
-32.971867,3.5788865
49.601562,7.2627463
-19.198553,-19.668541
9.3197,48.228107
13.940768,-20.10001
-27.852394,-20.791561
-57.80257,-56.117928
57.727283,6.8131294
14.173693,-6.1800117
-38.31209,-27.293015
9.002898,2.6232402
-49.68704,31.534863
-55.263123,-37.893864
-17.88068,-56.79953
28.140574,-66.16956
-4.3817225,8.002193
-14.376853,-64.17476
17.627539,12.2937765
-27.12443,-48.394268
1.5359218,-6.3601294
-82.95063,22.855291
-35.343998,65.23627
-55.52139,-50.360813
-15.450096,41.36258
-7.0063186,78.39573
5.3097253,-3.61609
-15.217532,-47.511036
50.183052,3.948948
-2.4791753,79.92038
-13.099513,-29.723259
21.372425,-6.770398
16.56248,-57.639454
26.36382,34.59468
21.011768,39.02875
-29.377941,36.459652
-3.0657768,43.68337
-40.76732,-33.360806
-39.31707,24.046103
-23.46811,-5.622657
41.230114,38.775616
7.491781,61.588146
35.541943,-51.96571
25.236698,-69.633575
10.810295,-76.56548
41.875595,-1.8798431
-43.587086,10.859874
50.2219,34.487244
53.058067,34.243073
-15.9163265,13.041233
27.093939,-21.266216
67.16101,1.5868785
-32.126106,43.480927
17.414762,-57.5673
-2.9500992,42.862564
7.5281205,35.186947
-71.78156,38.18243
68.00695,6.7162313
-31.53194,-5.5004463
-36.52732,41.31934
-18.826159,-35.620754
-23.368805,-63.493107
-27.571495,28.210905
9.101331,23.570875
-41.78748,8.979952
3.7265213,10.6886015
-25.26697,-2.9782305
53.19003,-51.604874
24.229345,12.486863
39.655975,66.88635
-12.756699,-52.431305
0.8101743,72.06252
-34.0513,56.302654
24.663376,-36.16969
61.400406,23.125278
45.968945,65.01746
-38.32225,-22.976135
-29.875982,-55.446583
44.7085,-50.556465
-61.30745,-35.28202
74.286385,13.208622
-28.884895,46.66984
5.733657,7.3981633
51.55199,-0.68291104
55.16479,43.13596
-13.348627,-22.623192
-75.56027,29.929
37.19722,-60.185036
-32.239994,-26.009298
-8.3992,-31.378752
3.9945645,48.940437
-20.25378,-5.290745
-50.284523,3.2237659
-32.245243,9.75278
21.96587,-31.676958
-9.336873,7.392099
-28.467743,19.508743
30.671452,22.38919
-56.03084,-56.865623
10.787475,6.4300976
-33.757896,-3.0487545
-47.812916,35.8075
-33.68415,49.27409
-4.318168,-74.38712
41.840088,-52.10319
-23.371984,40.94248
-4.671152,10.727107
-42.188133,-38.57574
-44.97075,43.0274
27.161604,-58.834225
35.07088,-63.201393
17.613857,-1.1194727
17.233719,34.6381
-4.4454346,19.354246
-41.573692,-2.0517273
-54.165707,-50.826416
26.59622,44.39392
-10.573671,50.136154
40.894314,-37.001423
23.89941,-8.623283
-15.701578,50.988876
48.748596,30.067144
-29.555407,-18.658937
-42.21331,42.5356
-9.818699,64.1142
-28.586048,30.757086
-6.2745724,-48.488396
-70.338524,25.831865
-43.409912,-0.3305874
11.243399,14.438623
-58.329346,18.50545
21.769463,-56.601734
-76.76422,32.03766
45.536377,66.465034
17.079926,13.940912
26.210732,-9.488597
-18.036242,-50.256485
76.36133,18.604374
-59.423267,43.896923
17.849033,-58.389668
61.51621,-1.5748272
61.360332,-24.72653
19.877466,21.755453
47.321507,22.580267
-11.730056,-15.483525
-63.16593,39.536163
-15.8740835,-23.639631
-54.865887,-39.25112
18.418783,-2.023983
5.52883,-27.664146
9.914943,-81.01515
-25.104357,-21.97706
15.30637,29.849737
10.054058,-5.5586166
-58.48353,17.021988
7.464241,15.98582
14.750851,25.937145
6.027856,-65.03406
1.7549461,-77.159645
-47.39602,-21.067822
-4.7173195,7.6057568
62.609684,27.216187
-24.130281,63.00837
-20.910294,-41.335205
-55.50754,17.023468
16.265585,-58.919247
9.020634,-10.70686
36.76568,-27.513466
-22.483488,26.724121
-29.910048,38.78189
54.232395,7.595417
40.720585,-56.33931
25.576164,-9.324094
5.9616385,-26.324877
-29.937914,43.49014
24.3974,-44.605297
19.150967,48.2534
52.186684,35.23792
-12.800992,13.923548
2.8372436,-1.0384998
46.43496,10.505535
-1.7996867,-43.7334
25.999493,-29.337381
58.478683,13.4677105
-53.6451,-42.337624
5.0045433,-106.63793
-17.29172,-17.366798
63.411907,13.306949
-1.770733,9.659343
-43.869656,12.585612
-37.27424,58.506126
-15.200152,1.6023618
5.7812963,32.716602
-60.754593,48.55984
-33.052055,24.935368
-24.365448,-33.647358
-28.170515,10.357509
-9.986167,62.20879
-28.133942,-64.87958
-54.520557,32.238873
-28.126112,-56.66899
-38.715004,23.531845
-7.8740563,-26.43585
-13.512319,30.85175
2.4512134,-51.98455
12.861086,-46.380848
24.313892,12.275546
46.4538,-7.9225087
51.266792,39.731216
-22.046669,-42.25989
-27.638346,-65.59681
-10.197865,-74.07379
57.31465,32.24817
40.32674,39.52964
-54.00248,-8.86333
7.174691,53.505634
28.579538,-58.84855
22.937443,-0.20796436
2.258408,-35.29392
-48.699223,-1.9315078
-10.861661,19.594948
-4.821551,-53.121803
-38.94214,33.58959
-36.40479,16.842117
-43.50068,40.53649
-30.78483,-53.761936
18.913462,-20.912905
-41.083035,31.851645
5.8415565,14.73461
57.325184,-22.680723
-3.0676272,12.146955
16.879988,-47.309753
49.869522,7.214824
-3.0717301,-0.9054662
-59.4528,2.9058127
-64.56453,-39.297398
-51.959087,-33.015976
-18.907759,-54.64028
5.4247065,-13.402998
-7.1492333,-62.82048
4.3001537,-21.395176
-25.103699,-55.716362
-36.882156,-36.058865
63.10654,37.16631
44.91192,67.716
6.207289,-42.25552
38.148636,-68.70334
20.28523,36.015957
56.95477,0.5566892
3.0833354,16.872679
16.363247,-63.464657
-50.62296,-56.275578
-34.575012,37.910534
11.645258,-9.307512
52.934055,60.46369
54.87081,13.036166
69.079346,36.172817
8.74299,10.361702
9.074806,-38.294273
-33.10253,-25.656153
31.11204,30.364534
30.322165,-63.196598
66.22042,31.088993
52.40911,12.166802
-40.40311,-41.07173
-39.51581,42.90898
46.363335,-50.37377
16.657043,34.49414
-4.422117,23.510704
-4.008521,-74.32683
-32.893616,5.145046
-52.63617,-40.242702
-4.11501,14.987747
12.127897,-103.693924
50.16768,-34.120113
-7.2996044,32.567806
31.823486,-61.588757
56.073322,37.669964
24.039177,-30.147673
60.541065,15.992183
-28.418367,64.67106
28.240662,-17.698282
52.475216,-33.894054
39.492344,4.867903
-0.13070418,80.98525
-37.15367,-5.5424614
43.474537,-36.787052
22.99817,-51.468544
38.38107,-22.625349
38.62581,39.1896
-68.08121,42.24282
8.792649,-55.915665
-21.557558,-35.069996
-7.971744,41.02176
37.19599,-35.987156
9.293834,-23.594883
9.526662,28.253736
18.645517,63.316387
31.427277,-68.60362
-29.532122,-18.7052
-14.197689,-20.740812
-4.4093027,85.02869
62.693512,-1.2799956
-52.078007,-33.168648
-1.8892181,-58.916912
-8.359533,-45.205063
-57.91573,-35.30508
28.037703,-7.83333
53.848877,-2.1560776
-46.831333,46.03906
19.029133,13.890823
-46.947624,-43.477192
15.099601,-25.283825
68.649254,27.598011
43.046814,-8.812252
-53.743763,28.460236
-67.66072,44.693817
-5.179556,-67.62448
57.90999,2.7401862
70.05103,19.453386
16.926659,-54.10844
58.930416,-19.09174
-47.6317,-0.6785912
-20.581276,-36.078476
-33.22485,-1.0366036
-31.70969,-52.71563
-64.89302,40.631428
9.512748,23.401968
3.2576609,52.97132
62.0997,3.7068417
-13.988156,58.958508
6.2805734,-67.97143
48.87391,-47.925697
-56.17565,-39.40161
4.342883,17.059275
53.379585,-18.438189
-62.82202,42.08377
8.438045,-104.35868
30.530844,-33.517193
58.05509,-14.544789
56.237617,5.5119944
-45.41192,20.45744
0.86725205,61.817677
-55.94744,-50.15361
20.84379,53.767475
-21.724442,-56.801086
6.865984,-71.06474
17.874428,14.474707
33.447166,-70.959785
1.2184725,-39.528744
-44.489017,16.518465
-39.340088,-1.8348727
13.375305,11.962819
-26.776712,44.53323
67.50852,35.179718
-43.435307,48.86937
-54.386395,34.903126
4.108442,-19.82643
-5.4394875,79.36938
5.263781,-73.5784
-2.9247622,72.596375
-7.3202133,-18.63733
-3.5135295,47.650757
3.0175023,-106.86173
-39.379814,38.65801
72.87672,11.8082285
10.890279,45.271324
38.251545,-64.89862
-11.102915,35.991478
-8.426541,15.832156
-30.608698,1.7279391
1.229369,-22.70587
74.79654,10.506638
31.273808,3.2217512
-45.88837,-20.124504
63.238544,40.288914
13.4250345,-13.636271
-62.20566,-37.913757
58.058548,-23.132769
-40.376217,-30.854536
-5.85473,81.71111
-13.533075,-49.158417
-10.901558,-81.89075
52.917538,36.55486
59.6522,27.863165
-77.021034,29.900055
-6.1183796,22.731777
7.392665,-23.630415
0.6466449,-38.504982
-29.066448,68.324905
65.12748,38.330925
-15.694379,23.916086
-23.40879,62.70778
-28.467552,-9.607604
22.551235,23.052145
44.899635,71.4995
-17.743488,-39.704086
-22.571743,47.3766
41.139484,16.668888
-6.2804074,-0.085739836
-32.602924,-40.113865
-31.817932,32.97838
40.362495,-60.59329
-25.984838,16.010805
-72.59876,21.274076
-36.17237,0.8968957
14.275316,-75.304634
-3.6746144,29.607395
-68.04481,19.809875
11.635648,-28.387033
5.341951,-30.498537
-18.884565,48.401188
6.2175403,-41.044052
-53.669735,-5.3635716
15.966245,-16.167446
69.9652,8.471437
18.159376,42.306973
12.897091,-36.75494
-36.259407,-32.333885
34.962585,-27.872334
-12.419809,-22.879354
14.950851,-67.09789
76.352554,7.124985
11.993771,47.14972
60.54341,40.39478
-73.33363,33.95851
29.140095,-40.676224
-11.3250675,-12.107511
6.2555447,39.97699
17.414751,-24.035944
-3.9310956,16.509195
-13.274352,-3.4195445
51.88403,-37.16933
66.71175,28.037455
-28.645344,-30.17412
-26.442028,26.590565
-30.052559,-13.731268
39.12926,34.42704
33.804283,-28.564394
-49.67547,-49.494164
7.046281,-79.914925
45.123264,71.91488
-20.508512,43.914955
-8.477909,-7.398
7.945882,6.002535
44.98177,63.840466
19.941216,22.168442
9.309908,35.020546
20.52652,-3.936586
-50.07476,-35.361153
55.870007,35.589508
7.5447454,8.349591
7.278823,55.30007
-3.1059196,77.649704
-33.444214,5.1898746
-11.649181,-57.273613
-4.189825,-83.138855
60.153587,-14.677775
-66.74383,36.16721
-14.779471,10.70599
42.648613,73.256874
17.28781,60.27571
10.146714,-30.56418
-15.60868,-24.46468
22.972576,-18.442537
-27.820755,18.98239
60.28046,-14.168683
-29.302284,-48.365284
37.30187,-43.08104
-9.928142,-25.632286
-10.718827,-26.241709
-16.425404,21.134346
-9.599688,-52.0995
2.782277,80.90107
2.5699,82.624115
-11.099924,42.99914
53.01936,66.88827
1.7131875,-73.20879
11.727677,-79.45942
-34.421253,63.533073
4.6006627,-33.66667
23.339973,45.920746
63.975533,27.75779
26.820715,49.42679
65.372795,-0.8868844
-52.109295,-52.6755
27.139423,15.630002
32.3916,-41.477444
21.254465,18.5143
-49.087833,-6.702587
20.302547,-53.865273
-72.41836,28.86768
29.931732,3.2770402
27.270592,16.201807
49.80833,42.99425
23.948696,8.401246
17.964525,50.991474
-22.95581,5.6881022
-9.269863,-26.19411
-22.47281,-13.202014
-13.532401,-63.48758
-1.7682688,26.182579
-45.702717,35.311203
46.755863,63.766193
-12.965718,41.12603
49.410618,24.957281
18.069412,-8.256524
23.155346,22.282898
8.251631,-17.012047
-57.259624,-32.067657
2.4953725,81.86455
-21.622917,-35.66366
15.956996,-59.806976
22.513422,-1.0096836
-49.037727,-34.55388
-26.295528,-12.753415
-45.253086,43.984634
7.7913523,50.520794
47.70034,40.085217
-59.0734,-41.548325
-4.7747483,-52.925037
-20.42367,-17.523016
-52.868984,-40.419117
-3.1207674,-79.17126
12.909558,-26.582994
-2.9159474,-23.29926
26.921013,35.58134
-18.559353,-58.024532
9.02293,15.336153
-57.021122,18.618332
-35.25055,-23.66734
38.978252,-41.45423
48.17141,68.04534
-49.893486,4.6929946
-49.431725,44.926567
-83.64985,22.166426
-15.92625,-21.843672
-11.159689,-60.639313
-40.81183,1.3017538
13.0929365,43.784245
12.030416,28.592518
-43.52417,-3.3309264
31.020823,40.95136
-14.629889,10.616339
23.844273,-4.7005568
-16.009277,-49.28555
16.10961,-6.623042
1.2698107,-2.8384635
-21.315554,-59.209564
34.636684,-7.5476265
4.275014,49.156837
-50.98244,16.07413
73.00795,20.58548
13.144398,6.644634
5.5296555,-32.821827
-41.650394,23.470919
-57.87891,8.670157
2.387352,65.9336
7.885961,-74.67863
8.81898,-22.800222
-28.210543,36.48293
-82.73282,23.73847
-30.003107,59.462677
14.332557,-77.506805
11.52546,23.41161
-10.09768,-4.2254558
-9.915994,24.002653
61.231743,13.7448845
-17.862762,51.763577
-63.52872,42.53095
-19.723812,36.720387
-32.727142,-24.626722
5.989097,3.4654806
41.390564,72.05674
-6.8007336,-5.458485
63.314728,-21.240774
-3.5393803,-76.012955
31.952215,-48.52643
-10.440742,49.259647
33.891804,-27.843208
41.17809,-33.72401
-33.856373,-54.629368
-44.225475,23.593039
-25.323505,51.256657
2.3235173,77.90792
-13.319172,-54.87412
-13.731495,-64.10262
48.590492,67.70849
-28.791002,64.59405
7.5787683,-22.43318
42.736763,-29.582996
-45.775417,11.449185
21.73639,1.5939966
-26.797663,33.176754
-4.0700502,-73.781265
66.706856,22.078524
-6.350208,16.63264
-0.69084096,-63.829136
40.29654,-62.3603
45.285595,64.4164
-3.885135,44.289032
-0.12070921,61.929905
-56.07377,26.805355
-3.8406,37.76687
20.11435,-15.295862
-83.2827,23.570738
73.484955,14.71832
-21.472105,59.402287
54.01046,4.7626095
24.280306,15.122746
-6.0825486,15.485788
61.55608,29.025892
-42.038677,-31.240143
-3.6351686,33.13048
-2.5635993,80.47795
-47.693745,-18.616716
51.766937,63.900078
-46.08465,2.442317
-14.798699,-21.814919
26.046322,-43.303158
-23.996847,28.848454
58.50376,-13.148885
20.606112,28.73742
25.365187,-63.044758
14.752084,25.769112
-31.807375,60.55003
-48.356598,30.650932
66.726555,33.325363
-27.289581,-53.11058
12.8866005,-60.34782
35.09792,10.393816
-18.202705,63.765717
0.55609334,-26.966412
38.983414,-65.64143
50.11627,66.6528
-27.472755,-32.7847
-2.5251508,-7.107332
-19.86577,18.012808
3.1657043,-56.279266
-0.18913613,-42.748196
-8.21518,-11.237132
38.644497,-45.10392
-18.382397,-8.145316
-17.508371,-8.126105
-46.95105,-60.05582
-18.441694,52.48394
17.83589,-54.773937
-10.528619,-31.366442
0.19840023,-75.44407
49.66026,31.19504
62.57148,-1.2296425
30.435234,-46.4474
-7.3455257,18.746925
28.434134,26.135454
7.582137,12.140631
-9.7382,-4.558136
37.044727,-64.34066
42.296085,10.695598
-16.950073,16.136902
-34.47284,-7.1755614
-50.149242,-51.4235
-66.810425,41.248337
-34.253418,59.005764
18.133713,-24.27402
47.15648,72.470764
66.2218,9.490402
50.72842,-40.776627
52.99497,2.3242395
66.144295,15.729386
67.22518,33.052494
19.069124,48.402
-27.743343,50.35938
23.420095,-34.362667
-21.819057,-36.02482
-0.5194446,0.2390496
52.124817,-37.423515
-15.531322,-56.76548
7.947883,1.3476877
17.76682,16.87982
-61.541824,-39.885025
57.514,47.661522
-40.929565,-25.566782
22.17637,-33.845783
35.385773,-65.113556
34.762035,-14.744962
43.603287,-28.264673
-20.777344,5.2383947
-24.812515,-25.33169
58.47992,-18.79491
25.27216,-14.376347
6.1356773,18.317549
64.58847,40.414455
-49.10504,30.995106
-39.65568,10.784376
-10.650438,42.867687
8.674417,-39.620384
-51.62554,31.432552
-20.73243,58.547012
-4.080981,-57.546318
-19.743553,11.901936
2.5171387,-55.28987
-27.548103,-39.473164
57.923134,8.100345
12.670162,10.005288
56.233833,3.2762625
43.011795,66.13103
52.198936,59.8995
12.9985285,-25.939056
-59.931065,-32.949955
5.2402153,-44.343258
-27.6114,63.91667
-63.78436,24.604944
18.208647,-9.479345
-36.424732,-56.393078
7.9314876,-32.873356
10.182695,28.183327
-30.429625,35.71789
6.358425,41.44004
35.740658,-35.2519
-25.875694,-53.310333
-57.04898,-47.316845
-58.976063,51.561497
31.06114,-48.38217
4.0315166,59.594486
-52.68641,-13.1470785
-16.568861,-8.940195
24.055414,-63.199165
45.42401,34.270077
-28.923145,20.763607
-24.724895,35.1511
28.123968,43.432095
64.924576,12.196681
-16.813728,6.702241
18.317327,-64.78075
-14.919006,13.586422
-29.715416,4.567448
57.38172,20.092962
15.230697,52.939236
49.918056,61.634308
-33.873627,56.310734
32.128845,-6.1628537
-76.77601,32.169846
18.749283,-65.78622
33.08732,-31.530827
39.033115,-47.400978
12.51277,-75.77473
0.09433379,12.4972725
-35.894554,-33.38951
-0.87247753,64.50486
26.35504,15.43892
-26.138586,-52.51726
-54.11051,15.507321
50.560307,-4.1255956
54.87554,42.690296
-34.411892,-56.13236
-1.2219546,-76.007545
15.24563,-51.920128
-81.921906,23.532557
23.17617,3.5702312
11.440172,21.213017
42.995724,-62.729885
-11.151516,74.540955
-1.0650396,-50.33503
41.38917,-27.749989
-55.4061,-57.65941
-60.111996,-38.820236
31.444836,-55.17733
35.626976,-56.110863
21.420673,23.264635
-7.3468757,45.018944
-18.079765,-28.053316
47.516056,9.382544
33.720078,-67.0459
8.570762,10.682266
-32.98148,48.924732
-37.060043,-52.281086
20.310408,46.209473
55.60009,22.404654
64.04804,3.600473
57.65478,32.249214
62.234295,35.18084
24.425589,-54.2951
-58.96013,-40.311142
-60.47243,27.519537
44.345993,-44.327026
18.023094,-19.972162
-47.48564,-9.625474
-22.383793,-65.06267
-10.154326,63.83331
45.491344,-57.67333
45.231087,-46.70208
-50.60964,13.904992
-4.0680676,-67.23067
-34.682224,-28.143541
17.897602,-58.826767
-5.4702635,68.962234
11.011895,-103.2215
1.038253,-23.928783
61.83893,24.78531
-54.002323,-51.451126
-16.018347,-21.654104
-19.09671,-60.553543
24.702423,16.995817
-43.38881,28.512022
21.583673,-51.456837
30.47793,2.2748833
14.212492,-23.32532
47.418404,-44.372868
1.1310537,51.286934
45.65894,-40.942177
-32.71599,-60.73862
-24.980383,36.468464
-16.549267,55.11187
-4.633141,-69.27743
-27.004257,11.21735
-55.68897,16.547638
-40.27291,6.9942584
22.671598,12.72533
-19.20577,4.6204386
57.230118,5.867489
-22.428469,1.7249795
64.739784,35.681877
10.139286,-101.86515
-54.36113,-35.330456
-1.8571355,26.057657
-3.0146658,-14.459268
-35.978695,47.685787
36.732548,34.070736
-8.153009,-13.001533
-37.17322,26.239527
16.117474,-53.431923
6.5604525,-84.16131
21.498743,53.790127
6.997445,20.769585
-13.03192,51.822086
-33.60736,-9.001615
10.563618,-81.256966
-33.191875,-0.30892128
35.488483,-34.55158
58.0934,7.9530554
-23.268873,50.324432
-28.03512,49.77297
57.874058,-23.866686
-31.077011,26.62159
-45.496372,3.5467346
-7.7870708,-26.239378
28.299582,-64.26105
44.739857,66.65509
58.666832,-19.277147
-5.9570527,-78.52629
6.754067,-23.62737
-13.618649,11.491841
64.07463,-0.75284463
12.151361,-103.99321
56.82378,5.664183
27.431213,-70.103134
-31.69199,44.787624
-32.639126,50.915375
71.12717,33.58384
-47.138172,-0.06647665
5.8506784,18.170328
-9.318244,-55.5435
37.573833,-59.87728
15.183155,-51.936573
17.572412,-45.756344
47.39025,-37.53414
-14.016113,-51.596046
-9.669408,-24.566267
-24.689,6.039184
17.148006,-45.808983
27.239801,-16.982647
-4.888379,-76.53775
-48.21077,-44.669167
36.96269,2.6849532
68.66941,19.607779
-3.0887146,-57.671463
-49.914303,10.227838
27.630495,35.103237
26.133831,19.950607
0.9761205,77.124084
6.2489104,61.950268
-46.289715,41.119663
-22.48745,3.4075427
26.6662,1.1807928
49.884346,30.65537
-10.650083,-42.08966
-49.905098,15.495006
51.49442,42.63824
0.37902775,26.762163
2.927818,-26.047558
34.689938,-7.632374
4.3127313,-74.75391
43.51996,18.596518
-40.816498,-4.137262
5.5954475,4.2574487
-41.515434,-5.681911
-63.80718,-44.971718
52.588413,44.746674
22.953524,-20.04795
9.742208,-21.972866
-68.57734,35.385784
17.750883,-12.897854
17.090574,-17.866661
-11.8050165,67.99724
-34.655704,-50.83075
-2.4988577,-29.027142
-26.30718,-33.39568
-16.058672,42.785694
-39.67206,26.773485
-67.92543,42.035347
-22.419676,9.540255
57.836117,-18.743681
3.9887543,-5.8741746
52.732643,-36.94605
-75.46996,30.28668
-53.90052,-8.87505
-42.444107,-2.9170728
7.131817,58.89124
-4.580424,19.424282
2.3332827,30.874302
21.453003,-6.573763
-8.864149,-78.83986
36.78597,-67.26119
2.1331854,-80.043816
2.6409347,28.664177
20.05997,25.875109
1.5322326,-42.136208
38.018913,-66.23232
40.48013,37.837795
2.6599634,-18.629694
32.181515,1.5408009
22.565195,-33.9281
-34.001694,28.534412
1.6184886,-76.835464
-21.05231,1.7346542
28.433483,26.07138
25.215126,-61.69075
18.99084,-47.210472
7.622056,12.104741
-19.665594,14.01173
18.493961,-51.071316
22.652805,-59.88854
-32.484547,-13.818117
-40.707634,-5.3132997
25.407974,31.272858
-19.908098,-19.370548
-34.93889,43.958015
1.091296,77.087425
-62.672455,28.734062
0.17319489,3.9337945
-1.6264781,85.95779
-4.239467,26.128056
-20.551544,-49.410572
42.43963,-23.53074
-16.261057,-27.265564
-14.134063,-37.948616
-6.899811,11.070876
-8.3497305,-50.671986
-20.791317,-21.993517
14.144392,50.307682
-11.269391,3.570847
44.054157,-48.853874
-1.5259947,-18.696482
-37.144955,-33.45921
-2.4153187,19.976254
16.930107,-57.02916
33.185608,-57.423176
56.01563,30.696707
-2.0962207,-58.655327
-10.521514,33.944458
-36.91514,42.4069
58.888714,0.59658253
51.026974,-34.005283
-35.126213,26.058527
57.36244,-19.319336
-23.781721,55.49243
13.414545,-36.36145
-33.16412,5.8793583
-22.45485,54.171394
-1.8443818,-43.763798
34.55261,-14.739206
-23.009977,44.06052
49.19119,63.500244
-3.7576146,-34.192013
-72.4202,25.669405
-9.18925,-0.21576366
-39.534344,1.7272104
4.088412,-81.21683
-29.104958,63.48646
11.495961,30.50937
16.421646,3.397762
9.68365,10.9904585
-5.9596176,56.506767
25.478987,-1.8221886
52.243534,68.23715
5.0324206,-107.47564
11.988958,-18.80591
-26.875683,15.299636
67.13548,29.266672
-28.338985,-61.873238
-12.7826805,-48.006184
-8.749561,14.218623
-22.067572,-35.429466
-27.916508,-32.06125
-25.164444,-30.050507
54.224373,36.720066
20.695265,-64.5442
63.400948,37.098164
-24.497252,-28.321127
75.82165,16.902386
54.91759,12.250437
-15.226715,-46.850464
1.6486192,-39.24288
-44.680206,-0.7861614
1.2811266,-84.2707
52.092693,37.829735
-18.942545,-54.466293
-12.293035,16.456032
-10.831123,48.805042
0.11702116,39.45293
-11.661459,-46.869884
-22.56736,6.1843576
31.24365,-34.729813
-7.9416537,31.547066
40.373302,68.98078
17.282352,-23.888283
1.9022951,62.92012
-1.0062182,-33.87752
-71.604355,25.60678
44.016525,-59.383915
-0.83673227,-31.889482
10.674192,35.769367
-2.8139033,80.98402
-43.615223,-48.302677
-44.292152,38.51227
-46.032482,35.570007
-35.669888,56.74937
57.281704,2.9335375
19.320608,-22.643883
5.07126,-107.38454
10.253021,-23.574682
-48.189102,-27.836248
-5.7856727,-65.02169
46.596153,-43.35379
55.859337,26.718628
6.7997565,-62.854786
-33.20075,-26.895687
13.735705,36.522205
18.78653,29.462196
37.0382,2.5582328
13.893723,-21.772709
-8.041563,-18.814642
49.767796,14.676685
16.224014,62.74445
50.457066,-40.77162
52.11214,18.477842
-20.375973,-18.581562
14.211542,-29.096138
-60.924023,35.055313
-34.083424,61.99981
36.56704,-47.183273
-77.946625,28.775867
-26.837336,33.667824
-27.01282,-21.611586
-22.143541,-12.657305
-21.2001,-6.665268
4.668845,17.019085
-9.017692,-63.932945
25.75003,-51.79913
-58.068516,-33.19121
0.44246832,-82.36919
-40.841583,15.372946
4.246643,62.690937
71.557434,7.463409
4.953556,-68.18824
-41.270035,-28.124855
-59.32601,-33.115154
16.225277,6.5780525
35.8821,9.942699
-6.110861,-55.77567
2.2191062,-54.32903
63.400593,17.587029
35.062557,-63.14704
50.33719,-34.424374
3.001426,50.4003
-20.068472,61.38971
17.367214,23.966042
-55.884834,-50.432278
11.862495,18.207441
13.347021,-36.1197
-21.786886,48.118813
21.468622,44.767143
8.518624,-16.277248
32.025284,-40.554108
-10.240793,-38.035313
20.357397,-44.552734
32.59532,-58.755703
-3.0629218,-52.875347
-29.733805,-30.77821
1.1713175,0.6477477
-41.161156,-25.660044
-2.8567128,-42.287678
-76.74834,28.600357
11.019998,62.282196
47.397854,69.485466
-23.131645,69.094025
50.440826,18.518759
17.202654,48.642143
70.46078,7.206732
-1.3868984,84.6324
-8.967309,-31.17249
-25.18912,37.412743
-27.786406,17.978172
4.4403234,-76.993904
-38.571163,-19.745935
-43.825596,13.14048
-0.17712839,27.99464
56.580177,-16.993168
37.64008,-57.019604
-10.56654,7.187334
22.238884,-38.271435
-6.5193768,-50.72595
-2.6746616,-35.05239
31.79378,-48.53547
62.714077,19.640463
33.358696,-4.5741262
-43.12448,-35.805054
-69.073555,31.327036
9.347355,18.49234
35.608368,-60.17411
45.054413,-35.60074
32.89445,-39.586105
15.091337,42.70156
-31.8122,-27.805141
19.45836,-60.125477
-17.047281,34.07112
14.480947,-16.7011
8.769138,59.267773
22.964197,20.509949
7.7343583,14.234681
6.883351,-8.753664
41.123295,38.457626
66.307724,37.75359
44.1992,19.565786
32.168694,-41.419586
-30.452787,-32.417263
-8.498861,-65.064445
-33.906853,-53.591373
6.6944695,3.692336
17.696728,-24.817202
60.52317,30.279215
-7.572093,39.147034
22.253723,-38.982452
0.3623787,-11.981095
